ACEITE DE 900 CC LEGENDARIO CAJA POR 12 UNIDADES (DELICATEZZA),774,$1642.00,Disponible
ACEITE DE MAIZ CAJA POR 200 SOBRES (ABEDUL),341,$925.00,Disponible
ACEITE DE OLIVA CAJA POR 198 UNIDADES (ABEDUL),575,$1394.00,Disponible
ACEITE DE OLIVA POR 1 LITRO (SAGRADA),661,$232.00,Disponible
ACEITE DE OLIVA POR 2 LITROS (SAGRADA),192,$410.00,Disponible
ACEITE DE OLIVA POR 2 LITROS (SAGRADA),193,$935.00,Disponible
ACEITE EN BIDON (CAMPOS DEL SOL),071,$545.00,Disponible
ACEITE LEGEDARIO GIRASOL 900 CC (CAMPOS DEL SOL),343,$138.00,Disponible
ACEITE MEZCLA DE 900 CC (LAGRIMAS DEL SOL),736,$119.80,Disponible
ACEITE POR 3 LITROS PURO DE GIRASOL (LAGRIMAS DEL SOL),735,$572.00,Disponible
ACEITUNA DESCAROZADA POR 1 KILO (DON TITO),650,$422.00,Disponible
ACEITUNA NUMERO 1 - 1KG,,,
ACEITUNAS CON CAROZO NUM 0 POR 2 KILOS (DON VICENTE),435,$560.00,Disponible
ACEITUNAS CON CAROZO NUM 2 POR 2 KILOS (DON VICENTE),564,$463.00,Disponible
ACEITUNAS CON CAROZO POR 8 KILOS NUM 2 (DON VICENTE),563,$1000.90,Disponible
ACEITUNAS FILETEADAS POR 1 KILO (DON TITO),621,$377.00,Disponible
ACEITUNAS NEGRAS NUMERO 00 POR 2 KILOS (DON VICENTE),436,$878.00,Disponible
ACEITUNAS NUMERO 2 POR 1 KILO (DON VICENTE),619,$335.00,Disponible
ACEITUNAS RELLENAS POR 2 KILOS (DON TITO),383,$827.00,Disponible
ACETO BALSAMICO CAJA POR 198 SOBRES (ABEDUL),756,$753.00,Disponible
ACIDO ACETICO POR 1 LITRO (EMETH),05,$524.00,Disponible
AGUA DE AZAHAR POR 1 LITRO (EMETH),502,$415.00,Disponible
AGUA DE AZAHAR POR 1 LITRO (EMETH),013,$200.50,Disponible
AJO EN POLVO POR MEDIO KILO (DELICATEZZA),102,$218.00,Disponible
AJO GRANULADO POR 1 KILO (DELICATEZZA),672,$458.00,Disponible
AJO GRANULADO POR MEDIO KILO (DELICATEZZA),091,$240.00,Disponible
ALBAHACA POR 1 KILO (DELICATEZZA),674,$810.00,Disponible
ALBAHACA POR MEDIO KILO (DELICATEZZA),098,$410.00,Disponible
ALMENDRA ENTERA CHICA POR 10 KILOS (DELICATEZZA),663,$8890.00,Disponible
ALMENDRA ENTERA CHICA POR 5 KILOS (DELICATEZZA),659,$4515.00,Disponible
ALMENDRAS ENTERA (CHICA ) POR MEDIO KILO (DELICATEZZA),137,$497.00,Disponible
ALMENDRAS ENTERA (CHICA) POR 1 KILO (DELICATEZZA),135,$903.00,Disponible
ALMENDRAS ENTERAS POR 1 KILO (DELICATEZZA),173,$1150.00,Disponible
ALMENDRAS ENTERAS POR MEDIO KILO (DELICATEZZA),174,$585.00,Disponible
ANTIMOHO (PROP. DE CALCIO) POR 1 KILO (EMETH),04,$569.00,Disponible
ANTIMOHO POR 5 KILOS (EMETH),654,$2699.00,Disponible
ANTIMOHO POR 5 KILOS (EMETH),442,$56.40,Disponible
ARINA CANEPA LEUDANTE POR 10 KILOS (CANEPA),214,$526.70,Disponible
AROMA M POR 1 LITRO (EMETH),503,$221.00,Disponible
AROMA M POR 2 LITROS (EMETH),021,$335.00,Disponible
AROMA M POR 5 LITROS (EMETH),194,$659.00,Disponible
Arvejas en caja,,,
ARVEJAS INCA LATA POR 350 GRAMOS (INALPA),482,$32.00,Disponible
ATUN DEMENUZADO AL NATURAL,,,
ATUN DESMENUZADO EN AGUA Y ACEITE,,,
ATUN EN LOMITOS AL NATURAL POR 170 GRAMOS (MARECHIARE),737,$179.50,Disponible
ATUN LOMITOS EN ACEITE POR 170 GRAMOS (MARECHIARE),738,$179.50,Disponible
AZUCAR BELLA VISTA POR 50 KILOS (SWEETELLA),596,$2220.00,Disponible
AZUCAR CAJA POR 800 SOBRES (ABEDUL),238,$1095.00,Disponible
AZUCAR GRANELA POR 1 KILO (LODISER),484,$214.00,Disponible
AZUCAR IMPALPABLE EMETH POR 10 KILOS (EMETH),08,$895.00,Disponible
AZUCAR IMPALPABLE EMETH POR 10 KILOS (EMETH),010,$895.00,Disponible
AZUCAR IMPALPABLE PROCAL POR 10 KILOS (PROCAL),747,$792.00,Disponible
AZUCAR MASCABO POR 1 KILO (DELICATEZZA),384,$171.36,Disponible
AZUCAR MASCABO POR 1 KILO (DELICATEZZA),384,$171.36,Disponible
AZUCAR NEGRA POR 1 KILO (EMETH),011,$87.00,Disponible
AZUCAR NEGRA POR 1 KILO DEWEY (DEWEY),758,$89.60,Disponible
AZUCAR NEGRA POR 10 KILOs (EMETH),010,$895.00,Disponible
AZUCAR NEGRA POR 5 KILOs (EMETH),589,$455.00,Disponible
AZUCAR NEGRA PROCAL POR 10 KILOS (PROCAL),748,$792.00,Disponible
BARBACOA SACHET POR 3 KILOS (ABEDUL),516,$868.00,Disponible
BICARBONATO AMONIO POR 1 KILO (EMETH),06,$200.00,Disponible
BICARBONATO DE SODIO POR 1 KILO (DELICATEZZA),124,$151.00,Disponible
BIZCOCHUELO DE CHOCOLATE EMETH CAJA POR 500 GRS (EMETH),470,$209.00,Disponible
BIZCOCHUELO DE VAINILLA EMETH CAJA POR 500 GRS (EMETH),447,$136.00,Disponible
BOMBONITO BLANCO POR 1 KILO (MAPSA),416,$518.00,Disponible
BOMBONITO BLANCO POR 1 KILO (MAPSA),416,$516.00,Disponible
BOMBONITO SEMIAMARGO MAPSA POR 1 KILO (MAPSA),199,$518.00,Disponible
BOMBONITO SEMIAMARGO MAPSA POR 1 KILO (MAPSA),199,$516.00,Disponible
CEBOLLIN POR 1 KILO (DON TITO),568,$479.00,Disponible
CEREZA AL MARRASCHINO POR 1 KILO (CERESKINA),534,$514.00,Disponible
CEREZA ENTERA POR 10 KILOS (CERESKINA),793,$4536.00,Disponible
"CEREZAS AL MARRASCHINO BALDE POR 3.100 KG (CERESKINA)",034,$1848.00,Disponible
CEREZAS PARTIDAS BALDE POR 10 KILOS (CERESKINA),141,$3420.00,Disponible
CHEDDAR SACHET POR 3 KILOS (ABEDUL),471,$992.00,Disponible
CHEDDAR SACHET POR 3 KILOS (ABEDUL),340,$660.00,Disponible
CHIMICHURRI POR 1 KILO (DELICATEZZA),081,$268.00,Disponible
CHIMICHURRI POR 3 KILOS (DELICATEZZA),556,$763.00,Disponible
CHIMICHURRI POR 5 KILOS (DELICATEZZA),557,$1195.00,Disponible
CHIPS LODISER BLANCO POR 1 KILO (LODISER),204,$480.00,Disponible
CHIPS LODISER DE CHOCOLATE POR 1 KILO (LODISER),129,$480.00,Disponible
CHIPS MAPSA BLANCO POR 1 KILO (MAPSA),418,$430.00,Disponible
CHIPS MINIGOTAS EMETH POR 1 KILO (EMETH),645,$393.00,Disponible
CHIPS MINIGOTAS EMETH POR 1 KILO (EMETH),645,$393.00,Disponible
CHIPS MINIGOTAS EMETH POR 5 KILOS (EMETH),653,$1882.00,Disponible
CHIPS MINIGOTAS EMETH POR 5 KILOS (EMETH),653,$1882.00,Disponible
CHIPS MINIGOTAS MAPSA POR 1 KILO (MAPSA),032,$471.00,Disponible
CHIPS SEMIAMARGO MAPSA POR 1 KILO (MAPSA),415,$430.00,Disponible
CHOCOLATE AGUILA POR MEDIO KILO (AGUILA),485,$356.00,Disponible
CHOCOLATE ALPINO BLANCO POR 1 KILO (LODISER),649,$569.00,Disponible
CHOCOLATE ALPINO SEMIAMARGO POR 1 KILO (LODISER),-,$583.00,Disponible
CHOCOLATE ALPINO SEMIAMARGO POR 1 KILO (LODISER),437,$126.50,Disponible
CHOCOLATE COLONIAL CON STEVIAS POR 100 GRS (COLONIAL),425,$193.00,Disponible
CHOCOLATE COLONIAL SIN AZUCAR POR 100 GRS (COLONIAL),424,$193.00,Disponible
CHOCOLATE EMETH BLANCO POR 1 KILO (EMETH),030,$283.00,Disponible
CHOCOLATE EMETH MARRON POR 1 KILO (EMETH),029,$283.00,Disponible
CHOCOLATE EMETH ROSA POR 1 KILO (EMETH),368,$270.50,Disponible
COLAROMA DE MANTECA POR 1 LITRO (EMETH),640,$322.00,Disponible
COLORANTE AMARILLO POR 5 LITRO (EMETH),012,$449.00,Disponible
COLORANTE DE CARAMELO POR 1 LITRO (EMETH),703,$247.00,Disponible
COLORANTE DE CARAMELO POR 5 LITROS (EMETH),015,$625.00,Disponible
COLORANTE ROJO POR 1 LITRO (EMETH),014,$222.00,Disponible
DULCE DE BATATA CON CHOCOLATE POR 2 KILOS (EMETH),700,$253.00,Disponible
DULCE DE BATATA EMETH CAJON POR 5 KILOS (EMETH),370,$505.00,Disponible
DULCE DE LECHE CAJA POR 108 UNIDADES (ABEDUL),574,$1068.60,Disponible
DULCE DE LECHE DUSHI REPOSTERO POR 10 KILOS (MILKEY),741,$1363.00,Disponible
DULCE DE LECHE MILKEY FAMILIAR POR 10 KILOS (MILKEY),180,$1563.00,Disponible
DULCE DE LECHE MILKEY POR 1 KILO REPOSTERO (MILKEY),345,$180.20,Disponible
DULCE DE LECHE REPOSTERO POR 10 KILOS (MILKEY),142,$1511.00,Disponible
DULCE DE MEMBRILLO EMETH CAJON POR 5 KILOS (EMETH),367,$505.00,Disponible
DULCE EN CAJON EMETH BATATA CON CHOCOLATE POR 5 KILOS (EMETH),055,$544.00,Disponible
DURAZNO CANALE LATA POR 820 GRS (CRIOLLO),348,$158.00,Disponible
EDULCORANTE CAJA POR 400 SOBRES (ABEDUL),469,$376.00,Disponible
ESENCIA CHOCOLATE POR 1 LITRO (EMETH),024,$245.00,Disponible
ESENCIA COCO POR 1 LITRO (EMETH),023,318.00,Disponible
ESENCIA DE ALMENDRA POR 1 LITRO (EMETH),501,$299.88,Disponible
ESENCIA DE BANANA POR 1 LITRO (EMETH),234,$245.00,Disponible
ESENCIA DE VAINILLA POR 100 CC (EMETH),191,$46.00,Disponible
ESENCIA FRUTILLA POR 1 LITRO (EMETH),022,403.00,Disponible
ESENCIA LIMON POR 1 LITRO (EMETH),019,$220.00,Disponible
ESENCIA LIMON POR 2 LITROS (EMETH),020,$295.00,Disponible
ESENCIA NARANJA POR 1 LITRO (EMETH),025,$635.00,Disponible
ESENCIA QUESO POR 1 LITRO (EMETH),028,$796.00,Disponible
ESENCIA VAINILLA POR 1 LITRO (EMETH),188,$167.00,Disponible
ESENCIA VAINILLA POR 2 LITROS (EMETH),017,$198.00,Disponible
ESENCIA VAINILLA POR 5 LITROS (EMETH),016,$345.00,Disponible
ESENCIA VAINILLA POR 5 LITROS (EMETH),016,$354.00,Disponible
EXTRACTO DE TOMATE POR 145 GRS (SAN REMO),662,$60.20,Disponible
GANACHE SEMIAMARGO POR 2.5 KG (LODISER),537,$1111.00,Disponible
GRASA BOVINA POR 20 KILOS (GRABYA),119,$3810.00,Disponible
GRASA BOVINA POR 20 KILOS (GRABYA),739,$217.00,Disponible
GRASA DE CERDO POR 3 KILOS (DELICATEZZA),117,$137.00,Disponible
GRASA DE CERDO POR 8 KILOS (DELICATEZZA),585,$353.00,Disponible
HARINA 0000 TAPERA POR 25 KILOS (CANEPA),613,$1010.00,Disponible
HARINA CANEPA 000 POR 10 KILOS (CANEPA),212,$405.60,Disponible
HARINA CANEPA 000 POR 25 KILOS (CANEPA),615,$919.00,Disponible
HARINA CANEPA 0000 POR 10 KILOS (CANEPA),213,$467.00,Disponible
HARINA CANEPA 0000 POR 25 KILOS (CANEPA),612,$1022,Disponible
HARINA DE MALTA POR 10 KILOS (EMETH),186,$824.00,Disponible
HIGOS EMETH EN ALMIBAR POR 3 KG (EMETH),504,$976.00,Disponible
JALEA FANTASIA BALDE POR 10 KILOS (EMETH),696,$927.00,Disponible
JARDINERAS POR 350 GRAMOS (INALPA),734,$56.70,Disponible
KETCHUP CAJA POR 200 SOBRES (ABEDUL),338,$545.00,Disponible
LATA DE TOMATE TRITURADO DON ENRIQUE POR 8 KILOS (ORESTES),070,$627.00,Disponible
LECHE DE ALMENDRAS POR 1 LITRO (LAS TRES NIÑAS),409,$148.00,Disponible
LECHE DE COCO POR 1 LITRO (LAS TRES NIÑAS),642,$199.50,Disponible
LECHE DESCREMADA EN POLVO CAJA POR 100 SOBRES (ABEDUL),569,$850.00,Disponible
LECHE ENTERA POR 1 LITRO LA MINUCHA (LA MINUCHA),421,$70.70,Disponible
LICOR DE RHUM POR 1 LITRO (EMETH),455,$220.00,Disponible
LICOR SABOR AL MARRASCHINO POR 1 LITRO (EMETH),450,$220.00,Disponible
MANI CROCANTE ARGENFRUT POR 1 KILO (ARGENFRUT),792,$291.00,Disponible
MANI CROCANTE POR 1 KILO (EMETH),037,$296.00,Disponible
MANI GRANAS POR 1 KILO (EMETH),035,$210.50,Disponible
MAPSA GRANULADO BLANCO POR 1 KILO (MAPSA),401,$428.00,Disponible
MAPSA GRANULADO SEMIAMARGO POR 1 KILO (MAPSA),342,$428.00,Disponible
MAPSA TROZEADO BLANCO POR 1 KG (MAPSA),355,$445.00,Disponible
MAPSA TROZEADO NEGRO POR 1 KILO (MAPSA),236,$445.00,Disponible
MAPSACUBER BLANCO POR 1 KILO (MAPSA),128,$545.00,Disponible
MAPSACUBER CON LECHE POR 1 KILO (MAPSA),126,$545.00,Disponible
MAPSACUBER SEMI AMARGO POR 1 KILO (MAPSA),127,$545.00,Disponible
MARGARINA DE HOJALDRE POR 20 KILOS (GRABYA),120,$3960.00,Disponible
MARGARINA HOJALDRE PREMIUM POR 5 KILOS (GRABYA),386,$638.00,Disponible
MARGARINA MASAS Y BATIDOS POR 10 KILO (GRABYA),123,$2014.00,Disponible
MARGARINA PARA HOJALDRE PREMIUM POR 20 KILOS (GRABYA),385,$2450.00,Disponible
MARGARINA PARA MASAS CON MANTECA POR 20 KILOS (GRABYA),121,$4070.00,Disponible
MARGARINA PARA MASAS CON MANTECA POR 20 KILOS (GRABYA),121,$4070.00,Disponible
MAYONESA CAJA POR 200 SOBRES (ABEDUL),239,$518.00,Disponible
"MAYONESA POR 2.900 KG (COSTA DEL SOL)",074,$355.00,Disponible
MEJORADOR PARA PANIFICADOS POR 500 GRS (EMETH,01,$570.00,Disponible
MERMELADA BATATA CUÑETE POR 10 KILOS (EMETH),047,$1225.30,Disponible
MERMELADA INDIVIDUAL DAMASCO CAJA POR 108 UNIDADES (ABEDUL),745,$745.00,Disponible
MERMELADA INDIVIDUAL DE NARANJA POR 108 UNIDADES (ABEDUL),572,$745.00,Disponible
MERMELADA INDIVIDUAL DURAZNO CAJA POR 108 UNIDADES (ABEDUL),571,$745.00,Disponible
MERMELADA INDIVIDUAL FRUTILLA CAJA POR 108 UNIDADES (ABEDUL),570,$745.00,Disponible
MERMELADA INDIVIDUAL FRUTOS ROJOS CAJA POR 108 UNIDADES (ABEDUL),573,$898.00,Disponible
MIEL X 20 GRAMOS CAJA POR 108 UNIDADES (ABEDUL),624,$1830.00,Disponible
MOSTAZA CAJA POR 200 SOBRES (ABEDUL),339,462.00,Disponible
OLEOMARGARINA POR 20 KILOS (GRABYA),211,$3828.00,Disponible
PASTA BALLINA AMARILLA POR 500 GRS (BALLINA),463,$158.00,Disponible
PASTA BALLINA AZUL POR 500 GRS (BALLINA),378,$157.00,Disponible
PASTA BALLINA BLANCA POR 500 GRAMOS (BALLINA),763,$130.00,Disponible
PASTA BALLINA CELESTE POR 500 GRS (BALLINA),464,$158.00,Disponible
PASTA BALLINA NEGRA POR 500 GRS (BALLINA),379,$158.00,Disponible
PASTA BALLINA POR 3 KILOS SABOR CHOCOLATE (BALLINA),201,$703.00,Disponible
PASTA BALLINA POR 3 KILOS SABOR VAINILLA (BALLINA),202,$703.00,Disponible
PASTA BALLINA ROJA POR 500 GRS (BALLINA),380,$158.00,Disponible
PASTA BALLINA ROSA POR 500 GRS (BALLINA),465,$158.00,Disponible
PASTA BALLINA VERDE POR 500 GRS (BALLINA),381,$158.00,Disponible
PASTA BALLINA VERDE POR 500 GRS (BALLINA),759,$435.00,Disponible
PASTA BALLINA VERDE POR 500 GRS (BALLINA),760,$289.00,Disponible
PASTA UNTABLE MAPSA FRUTILLA POR 450 GRAMOS (MAPSA),761,$230.00,Disponible
PASTA UNTABLE MAPSA MANI POR 450 GRAMOS (MAPSA),762,$258.00,Disponible
PEPINILLOS POR 1 KILO (DON TITO),567,$479.00,Disponible
PICKLES POR 2 KILOS (DON TITO),566,$498.00,Disponible
POLVO PARA HORNEAR POR 800 GRAMOS LODISER (LODISER),757,$204.00,Disponible
PREMEZCLA BIZCOCHUELO VAINILLA POR 1 KILO (LODISER),441,$229.00,Disponible
PREMEZCLA DE VIENA POR 25 KILOS (CANEPA),618,$1207.50,Disponible
PREMEZCLA PARA BIZCOCHUELO KEUKEN DE CHOCOLATE POR 1 KILO (LODISER),423,$272.00,Disponible
PREMEZCLA PARA BIZCOCHUELO KEUKEN DE CHOCOLATE POR 1 KILO (LODISER),423,$272.00,Disponible
PREMEZCLA PARA BUDIN VAINILLA POR 1 KILO (LODISER),499,$166.00,Disponible
PREMEZCLA PARA CUPCAKES DE CHOCOLATE POR 1 KILO (LODISER,459,$312.00,Disponible
PREMEZCLA PARA CUPCAKES DE CHOCOLATE POR 1 KILO (LODISER),458,$248.50,Disponible
PREMEZCLA PARA PIZZA SIN T.A.C.C. POR MEDIO KILO (DELICEL),177,$108.00,Disponible
PREMEZCLA UNIVERSAL DELICEL POR 5 KILOS (DELICEL),611,$907.00,Disponible
PURE DE TOMATE LA MINUCHA TETRABRIK POR 520 GRS (CORPER),545,$44.60,Disponible
RELLENO CODELAND AVELLANA Y CACAO POR 500 GRAMOS (CODELAND),490,$426.30,Disponible
RELLENO CODELAND AVELLANA Y CACAO POR 500 GRAMOS (CODELAND),491,$194.00,Disponible
RELLENO CODELAND CACAO POR 500 GRAMOS (CODELAND),491,$194.00,Disponible
RELLENO CODELAND CAFE POR 500 GRAMOS (CODELAND),492,$249.50,Disponible
RELLENO CODELAND COCO POR 500 GRAMOS (CODELAND),493,$166.68,Disponible
RELLENO CODELAND COCO POR 500 GRAMOS (CODELAND),466,$168.10,Disponible
RELLENO CODELAND FRUTOS DEL BOSQUE POR 500 GRS (CODELAND),467,$208.10,Disponible
RELLENO CODELAND LIMON POR 500 GRAMOS (CODELAND),494,$199.40,Disponible
RELLENO CODELAND LIMON POR 500 GRAMOS (CODELAND),598,$198.50,Disponible
RELLENO CODELAND LIMON POR 500 GRAMOS (CODELAND),498,$205.00,Disponible
RELLENO CODELAND MOUSSE POR 500 GRS (CODELAND),468,$192.66,Disponible
SAL CAJA POR 1000 UNIDADES. (ABEDUL),237,$375.00,Disponible
SALSA CESAR CAJA POR 108 SOBRES (ABEDUL),515,$954.00,Disponible
SALSA PARA PREPIZZA POR 10 KILOS (ORESTES),068,$374.00,Disponible
SEMOLIN CANEPA POR 25 KILOS (CANEPA),616,$1063.00,Disponible
SEMOLIN CANEPA POR 5 KILOS (CANEPA),617,$237.00,Disponible
SORBATO DE POTASIO POR 1 LITRO (EMETH),03,$882.00,Disponible
TOMATE TRITURADO CHACRAS BOTELLA POR 980GRS (CHACRAS),069,$72.00,Disponible
TOMATE TRITURADO CORPER BOTELLA POR 910 GRS (CORPER),529,$110.00,Disponible
TOMATE TRITURADO EN BIDON POR 10 KILOS (ORESTES),067,$545.00,Disponible
TOMATE TRITURADO LA MINUCHA EN LATA POR 8 KILOS (CORPER),473,$498.20,Disponible
VINAGRE MANZANA CAJA POR 200 SOBRES (ABEDUL),402,$680.00,Disponible
VINAGRE POR 1 LITRO (SILVA),723,$45.00,Disponible
VINAGRE POR 5 LITROS (SILVA),073,$180.00,Disponible
ALMOHADITAS AVELLANAS 2.5 KG (DELICATEZZA),806,$1098.00,Disponible
ALMOHADITAS AVELLANAS POR 1 KILO (DELICATEZZA),805,$453.00,Disponible
ALMOHADITAS FRUTILLA POR 1 KILO (DELICATEZZA),809,$453.00,Disponible
ALMOHADITAS FRUTILLA POR 2.5 KG (DELICATEZZA),810,$1098.00,Disponible
ALMOHADITAS RELLENAS DE CHOCOLATE BLANCO POR 1 KILO (DELICATEZZA),815,$515.00,Disponible
ALMOHADITAS RELLENAS DE CHOCOLATE BLANCO POR 2.5 KILOS (DELICATEZZA),816,$1255.00,Disponible
ALMOHADITAS CHOCOLATE POR 1 KILO (DELICATEZZA),807,$515.00,Disponible
ALMOHADITA CHOCOLATE POR 2.5 KG (DELICATEZZA),808,$1254.00,Disponible
ALMOHADITAS LIMON POR 1 KILO (DELICATEZZA),811,$453.00,Disponible
ALMOHADITAS LIMON POR 2.5 KG (DELICATEZZA),812,$1098.00,Disponible
ALMOHADITAS MANI POR 1 KILO (DELICATEZZA),813,$452.00,Disponible
ALMOHADITAS MANI POR 2.5 KG (DELICATEZZA),814,$1098.00,Disponible
AMAPOLA DE MEDIO KILO (DELICATEZZA),586,$533.00,Disponible
SEMILLA DE AMAPOLA POR 1 KILO (DELICATEZZA),521,$1032.00,Disponible
ANIS POR MEDIO KILO (DELICATEZZA),226,$455.00,Disponible
ARROZ INTEGRAL YAMANI POR 1 KILO (DELICATEZZA),420,$128.00,Disponible
ARROZ INTEGRAL YAMANI POR 5 KILOS (DELICATEZZA),681,$598.50,Disponible
ARROZ BLANCO YAMANI POR 1 KILO (DELICATEZZA),614,$159.00,Disponible
ARROZ BLANCO YAMANI POR 20 KILOS (DELICATEZZA),791,$2912.00,Disponible
AVELLANAS POR 1 KILO (DELICATEZZA),667,$1886.00,Disponible
AVELLANAS POR MEDIO KILO (DELICATEZZA),160,$947.00,Disponible
AVELLANAS PARTIDAS POR 1 KILO (DELICATEZZA),647,$1717.00,Disponible
AVELLANAS PARTIDAS POR MEDIO KILO (DELICATEZZA),648,$885.00,Disponible
AVENA TRADICIONAL INSTANTANEA 10 KILOS (DELICATEZZA),728,$890.00,Disponible
AVENA TRADICIONAL INSTANTANEA BOLSA POR 40 KILOS (DELICATEZZA),729,$3495.00,Disponible
AVENA TRADICIONAL INSTANTANEA POR 1 KILO (DELICATEZZA),726,$98.70,Disponible
AVENA TRADICIONAL INSTANTANEA POR 5 KILOS (DELICATEZZA),727,$460.00,Disponible
BANANA DISECADA POR 1 KILO (DELICATEZZA),665,$740.60,Disponible
BICARBONATO DE SODIO POR 1 KILO (DELICATEZZA),124,$151.00,Disponible
BOLITAS DE CHOCOLATE POR 1 KILO (DELICATEZZA),730,$324.00,Disponible
BOLITAS DE CHOCOLATE POR 2 KILOS (DELICATEZZA),731,$627.00,Disponible
BOLSA DE QUESO (DELICATEZZA),163,$35.00,Disponible
CANELA POR 1 KILO (DELICATEZZA),643,$1050.00,Disponible
CANELA POR MEDIO KILO (DELICATEZZA),221,$547.00,Disponible
CAPSULAS DE AZAFRAN (DELICATEZZA),224,$13.00,Disponible
CASTAÑAS DE CAJU ENTERAS POR 1 KILO (DELICATEZZA),540,$1113.00,Disponible
CASTAÑAS DE CAJU ENTERAS POR 3 KILOS (DELICATEZZA),717,$3084.00,Disponible
CASTAÑAS DE CAJU ENTERAS POR MEDIO KILO (DELICATEZZA),541,$579.00,Disponible
CASTAÑAS DE CAJU PARTIDAS POR 1 KILO (DELICATEZZA),W,$923.00,Disponible
CASTAÑAS DE CAJU PARTIDAS POR 3 KILOS (DELICATEZZA),716,$2828.00,Disponible
CASTAÑAS DE CAJU PARTIDAS POR MEDIO KILO (DELICATEZZA),178,$476.00,Disponible
CEBOLLA EN ESCAMAS POR 1 KILO (DELICATEZZA),675,$938.00,Disponible
CEBOLLA EN ESCAMAS POR MEDIO KILO (DELICATEZZA),223,$490.00,Disponible
CEBOLLA EN POLVO POR 1 KILO (DELICATEZZA),721,$968.00,Disponible
CEBOLLA EN POLVO POR MEDIO KILO (DELICATEZZA),101,$513.00,Disponible
CHICHARRON DE CERDO EL CASERITO POR 5 KILOS (DELICATEZZA),690,$820.00,Disponible
CHICHARRON EL CASERITO CAJA POR 10 KILOS (DELICATEZZA),766,$1650.00,Disponible
CHICHARRON CERDO POR 1 KILO (DELICATEZZA),115,$160.00,Disponible
CHIMICHURRI POR 1 KILO (DELICATEZZA),081,$268.00,Disponible
CHIMICHURRI POR 3 KILOS (DELICATEZZA),556,$763.00,Disponible
CHIMICHURRI POR 5 KILOS (DELICATEZZA),557,$1195.00,Disponible
CIRUELAS CAJA POR 5 KILOS (DELICATEZZA),668,$2750.00,Disponible
CIRUELAS POR 1 KILO (DELICATEZZA),161,$598.90,Disponible
CIRUELAS POR 3 KILOS (DELICATEZZA),710,$1650.00,Disponible
CLAVO DE OLOR POR 100 GRAMOS (DELICATEZZA),777,$210.00,Disponible
COCO RALLADO DEL COCO POR 3 KILOS (DELICATEZZA),722,$767.00,Disponible
COCO RALLADO NUEVO POR 5 KILOS (DELICATEZZA),756,$1261.00,Disponible
COCO RALLADO POR 1 KILO DELCOCO (DELICATEZZA),646,$298.00,Disponible
COCO RALLADO POR 25 KILOS NUEVO (DELICATEZZA),408,$440.70,Disponible
COCO RALLADO PREMIUM POR 25 KILOS (DELICATEZZA),744,$10640.00,Disponible
COCO RALLADO PREMIUN POR 1 KILO (DELICATEZZA),408,$440.70,Disponible
COLORANTE PARA CARNE POR 1 KILO (DELICATEZZA),097,$320.00,Disponible
COMINO EN GRANO POR MEDIO KILO (DELICATEZZA),099,$219.00,Disponible
COMINO MOLIDO POR 1 KILO (DELICATEZZA),100,$216.00,Disponible
CONDIMENTO PARA ARROZ POR 1 KILO (DELICATEZZA),090,$218.00,Disponible
CONDIMENTO PARA HAMBURGUESA POR 1 KILO (DELICATEZZA),093,$217.00,Disponible
CONDIMENTO PARA CHORISO POR 1 KILO (DELICATEZZA),094,$240.00,Disponible
COPOS DE MAIZ CON AZUCAR POR 1 KILO (DELICATEZZA),732,$267.00,Disponible
COPOS DE MAIZ CON AZUCAR POR 3.400 KG (DELICATEZZA),733,$988.00,Disponible
COPOS DE MAIZ SIN AZUCAR POR 3 KG (DELICATEZZA),755,$718.00,Disponible
COPOS DE MAIZ SIN AZUCAR POR 1 KILO (DELICATEZZA),754,$274.00,Disponible
CURCUMA POR 1 KILO (DELICATEZZA),406,$213.00,Disponible
ESPECIES SURTIDAS POR 1 KILO (DELICATEZZA),086,$215.00,Disponible
CELOFAN 45 -50 (DELICATEZZA),111,$22.00,Disponible
CELOFAN 50-60 (DELICATEZZA),112,$23.50,Disponible
PURE DE TOMATE LA MINUCHA TETRABRICK PACK POR 12 UNIDAD (LA MINUCHA),740,$528.00,Disponible
PAN RALLADO POR 10 KILOS (MIGAS ALBERTI),154,$707.00,Disponible
PAN RALLADO POR 25 KILOS SEÑOR PAN (MIGAS ALBERTI),155,$1824.00,Disponible
PAPRIKA POR 1 KILO (DELICATEZZA),089,$283.00,Disponible
PASAS DE UVA JUMBO POR 1 KILO (DELICATEZZA),134,$227.80,Disponible
PASAS DE UVA JUMBO POR 10 KILOS (DELICATEZZA),693,$2297.00,Disponible
PASTA DE MANI BALDE POR 4 KILOS (MAPSA),644,$2013.00,Disponible
POLVO PARA HORNEAR BOLSA POR 3 KILOS (EMETH),060,$525.00,Disponible
POLVO PARA HORNEAR EMETH POR 1 KILO (EMETH),061,$181.00,Disponible
POLVO PARA HORNEAR POR 5 KILOS (EMETH),790,$850.00,Disponible
POLVO PARA HORNEAR POR 25 KILOS (PROCAL),798,$4198.00,Disponible
POLVO PARA HORNEAR POR 800 GRAMOS LODISER (LODISER),757,$204.00,Disponible
PREMEZCLA PARA BROWNIE POR 1 KILO (LODISER),422,$240.00,Disponible
REDONDELAS SABOR BANANA POR 1 KILO (MAPSA),438,$706.00,Disponible
REDONDELAS SABOR FRUTILLA POR 1 KILO (MAPSA),438,$706.00,Disponible
REDONDELAS MARROC POR 1 KILO (MAPSA),417,$706.00,Disponible
SALSA DE CHOCOLATE POR 500 GRS (LHERITIER),605,$154.00,Disponible
SALSA DE FRUTILLA POR 500 GRAMOS (LHERITIER),769,$136.00,Disponible
SALSA FRUTOS ROJOS POR 500 GRAMOS (LHERITIER),770,$136.00,Disponible
SALSA PICO DULCE POR 500 GRAMOS (LHERITIER),771,$136.00,Disponible
DULCE DE LECHE REPOSTERO POR 10 KILOS SERRANITO (MILKEY),145,$1248.00,Disponible
TOMATE PERITA LATA POR 3 KILOS (LA MINUCHA),796,$369.00,Disponible
TOMATE TRITURADO EN BOTELLA LA MINUCHA (LA MINUCHA),787,$109.40,Disponible
GANACHE BLANCO POR 2.5 KG (LODISER),780,$1131.00,Disponible
CHIPS LODISER DE CHOCOLATE POR 1 KILO (LODISER),129,$480.00,Disponible
CHANTILLY LEDEVIT POR 250 GRS (LEDEVIT),461,$179.00,Disponible
CREMA PASTELERA LEDEVIT POR 4 KILOS (LEDEVIT),488,$1302.00,Disponible
VAINILLA PREMIUM POR 1 LITRO (EMETH),698,$318.00,Disponible
VAINILLA PREMIUM POR 5 LITROS (EMETH),702,$439.00,Disponible
FECULA DE MAIZ POR 1 KILO (DELICATEZZA),149,$79.80,Disponible
FECULA DE MAIZ POR 25 KILOS (DELICATEZZA),151,$1894.00,Disponible
FECULA DE MAIZ POR 5 KILOS (DELICATEZZA),685,$395.00,Disponible
FECULA DE MANDIOCA POR 1 KILO (DELICATEZZA),513,$107.50,Disponible
FECULA DE MANDIOCA POR 25 KILOS (DELICATEZZA),509,$2447.50,Disponible
FECULA DE MANDIOCA POR 5 KILOS (DELICATEZZA),514,$498.90,Disponible
FECULA MAIZ POR 10 KILOS (DELICATEZZA),150,$774.00,Disponible
GARBANZO POR 5 KILOS (DELICATEZZA),634,$587.00,Disponible
GARBANZOS POR 1 KILO (DELICATEZZA),633,$125.00,Disponible
GELATINA DE CEREZA POR 500 GRS ( RINDE 60 PORCIONES) (EMETH),456,$265.00,Disponible
GELATINA FRUTILLA POR 500 GRS (RINDE 66 PORCIONES) (EMETH),051,$265.00,Disponible
GELATINA SIN SABOR POR 1 KILO (EMETH),052,$1230.00,Disponible
GLUCOSA POR 1 KILO (EMETH),655,$185.00,Disponible
GLUCOSA BALDE POR 6 KILOS (EMETH),065,$935.00,Disponible
GRANAS COLOR AMARILLA POR 1 KILO (EMETH),057,$149.80,Disponible
GRANAS COLOR AZUL POR 1 KILO (EMETH),056,$149.80,Disponible
GRANAS COLOR BLANCA POR 1 KILO (EMETH),058,$149.80,Disponible
GRANAS COLOR CELESTE POR 1 KILO (DELICATEZZA),369,$149.80,Disponible
GRANAS COLOR MARRON POR 1 KILO (DELICATEZZA),228,$149.80,Disponible
GRANAS MUILTICOLOR POR 1 KILO (EMETH),059,$155.00,Disponible
GRANAS NARANJA POR 1 KILO (DELICATEZZA),347,$149.80,Disponible
GRANAS COLOR ROSA POR 1 KILO (EMETH),346,$149.80,Disponible
GRANAS VERDES POR 1 KILO (DELICATEZZA),356,$149.80,Disponible
GRANOLA ECONOMICA POR 1 KILO (DELICATEZZA),625,$303.00,Disponible
GRANOLA ORAN POR 1 KILO (DELICATEZZA),+,$439.00,Disponible
GRASA BOVINA REFINADA POR 10 KILOS (GRABYA),606,$2046.00,Disponible
"GUINDAS ROJAS POR 1 KILO (EMETH) ",512,$201.00,Disponible
GUINDAS CUÑETE POR 5 KILOS (EMETH),033,$853.00,Disponible
GUINDAS POR 5 KILOS EMETH BALDE PLASTICO (EMETH),448,$947.00,Disponible
GUINDAS VERDES POR 1 KILO (EMETH),639,$218.00,Disponible
GUINDAS VERDES POR 5 KILOS (EMETH),638,$947.00,Disponible
HARINA DE ALMENDRA POR 1 KILO (DELICATEZZA),691,$1198.00,Disponible
HARINA DE ALMENDRAS POR MEDIO KILO (DELICATEZZA),404,$630.00,Disponible
HARINA DE COCO POR 1 KILO (DELICATEZZA),635,$630.00,Disponible
HARINA DE COCO POR 25 KILOS (DELICATEZZA),637,$14831.00,Disponible
HARINA DE COCO POR 5 KILOS (DELICATEZZA),636,$3051.00,Disponible
HARINA DE GARBANZO POR 5 KILOS (DELICATEZZA),630,$498.80,Disponible
HARINA DE GARBANZO POR 1 KILO (DELICATEZZA),629,$107.10,Disponible
HARINA DE GARBANZOS POR 30 KILOS (DELICATEZZA),632,$2907.00,Disponible
HARINA DE MALTA POR 1 KILO (EMETH),235,$92.00,Disponible
HARINA DE MALTA POR 10 KILOS (EMETH),186,$824.00,Disponible
HARINA INTEGRAL POR 10 KILOS (DELICATEZZA),797,$822.00,Disponible
HARINA INTEGRAL POR 25 KILOS (DELICATEZZA),795,$2125.00,Disponible
HIGOS EN ALMIBAR POR 1 KILO (EMETH),542,$370.00,Disponible
HILO POR 100 GRS (DELICATEZZA),405,$134.00,Disponible
HINOJO POR 1 KILO (DELICATEZZA),767,$720.00,Disponible
HINOJO POR 500 GRAMOS (DELICATEZZA),103,$380.00,Disponible
HOJAS DE LAUREL POR UN CUARTO (DELICATEZZA),225,$124.00,Disponible
HUESITO FRUTALES POR 1 KILO (DELICATEZZA),594,$211.00,Disponible
JALEA FANTASIA EN FRIO BALDE POR 5 KILOS (EMETH),449,$955.90,Disponible
JALEA FANTASIA CUÑETE POR 10 KILOS (EMETH),038,$818.00,Disponible
LECHE DESCREMADA POR 1 LITRO LA MINUCHA (LA MINUCHA),581,$75.80,Disponible
LECHE ENTERA POR 1 LITRO LA MINUCHA (LA MINUCHA),421,$75.80,Disponible
LENTEJA DE CHOCOLATE POR 1 KILO (DELICATEZZA),789,$575.00,Disponible
LENTEJA DE CHOCOLATE POR 10 KILOS (DELICATEZZA),694,$5483.00,Disponible
LENTEJA DESHIDRATADA POR 1 KILO (DELICATEZZA),508,$213.00,Disponible
LENTEJA DESHIDRATADA POR 5 KILOS (DELICATEZZA),699,$988.00,Disponible
LENTEJA FRUTAL CAJA POR 14 KILOS (DELICATEZZA),591,$2322.10,Disponible
LENTEJA FRUTAL POR 1 KILO (DELICATEZZA),590,$178.00,Disponible
LEVADURA PRENSADA POR 500 GRS (ORALI),782,$138.00,Disponible
CHOCOLATE LUXURY SEMIAMARGO (MAPSA),768,$635.00,Disponible
MADEJA TRIPA DE VACA 38-40 POR 12 METROS (DELICATEZZA),107,$337.00,Disponible
MAIZ FRITO POR 1 KILO (DELICATEZZA),800,$701.00,Disponible
MAIZ FRITO POR 5 KILOS (DELICATEZZA),801,$3420.00,Disponible
MADEJA TRIPA DE VACA 40-42 POR 12 METROS (DELICATEZZA),108,$330.00,Disponible
MANGA DE TELA CON CUPLA NUMERO 4 (PARPEN),525,$198.60,Disponible
MANGA DE TELA CON CUPLA NUMERO 3 (PARPEN),526,$177.00,Disponible
MANI GRANDE CON CASCARA POR 1 KILO (DELICATEZZA),565,$224.00,Disponible
MANI GRANDE CON CASCARA POR 20 KILOS (DELICATEZZA),749,$4218.00,Disponible
MANI GRANDE CON CASCARA POR 5 KILOS (DELICATEZZA),680,$1078.00,Disponible
MANI CROCANTE POR 1 KILO (EMETH),037,$310.00,Disponible
MANI PELADO CON SAL POR 1 KILO (DELICATEZZA),510,$220.00,Disponible
MANI PELADO SIN SAL POR 1 KILO (DELICATEZZA),A,$193.00,Disponible
MANI PELADO SIN SAL POR 25 KILOS (DELICATEZZA),679,$4452.00,Disponible
MANI PELADO SIN SAL POR 3 KILOS (DELICATEZZA),678,$558.00,Disponible
MANI PELADO SIN SAL POR 5 KILOS (DELICATEZZA),677,$911.00,Disponible
MARGARINA PARA HOJALDRE POR 10 KILOS (GRABYA),190,$1980.00,Disponible
MERENGUE LEDEVIT POR 250 GRAMOS (LEDEVIT),486,$103.00,Disponible
MERMELADA DE MEMBRILLO CUÑETE POR 10 KILOS (EMETH),046,$1034.00,Disponible
MERMELADA DURAZNO CUÑETE POR 5 KILOS (EMETH),044,$858.00,Disponible
MERMELADA FRUTILLA CUÑETE POR 5 KILOS (EMETH),043,$858.00,Disponible
MERMELADA MANZANA POR 5 KILOS CUÑETE (EMETH),045,$858.00,Disponible
MIEL EN BIDON POR 7 KILOS (EMETH),066,$1266.00,Disponible
DULCE DE LECHE MILKEY POR 5 KILOS REPOSTERO (MILKEY),403,$870.00,Disponible
MINI CONFITES SABOR CHOCOLATE COLORES SURTDOS POR 1 KILO (DELICATEZZA),439,$667.00,Disponible
LENTEJITA FRUTAL CAJA POR 14 KILOS (DELICATEZZA),593,$2322.00,Disponible
LENTEJITA FRUTAL POR 1 KILO (DELICATEZZA),592,$178.00,Disponible
MIX DE SEMILLAS POR 1 KILO (DELICATEZZA),139,$206.00,Disponible
MIX DE SEMILLAS POR 3 KILOS (DELICATEZZA),622,$594.00,Disponible
MIX DE SEMILLAS POR 5 KILOS (DELICATEZZA),623,$912.00,Disponible
MIX ECONOMICO POR 3 KILOS (DELICATEZZA),551,$1077.00,Disponible
MIX ECONOMICO POR 5 KILOS (DELICATEZZA),552,$1774.00,Disponible
MIX ENERGETICO POR 3 KILOS (DELICATEZZA),547,$1647.00,Disponible
MIX ENERGETICO POR 5 KILOS (DELICATEZZA),548,$2662.00,Disponible
MIX ESPECIAL BUDIN SIN MANI POR 1 KILO (DELICATEZZA),507,$456.80,Disponible
MIX ESPECIAL BUDIN SIN PASAS DE UVA POR 1 KILO (DELICATEZZA),506,$457.00,Disponible
MIX DE FRUTAS PREMIUM POR 1 KILO (DELICATEZZA),584,$1025.00,Disponible
MIX SALADO POR 1 KILO (DELICATEZZA),802,$529.00,Disponible
MIX SALADO POR 3 KILOS (DELICATEZZA),803,$1548.00,Disponible
MIX SALADO POR 5 KILOS (DELICATEZZA),804,$2537.00,Disponible
MIX SALUDABLE POR 1 KILO (DELICATEZZA),397,$580.00,Disponible
MIX DE FRUTAS SUPERIOR POR 1 KILO (DELICATEZZA),408,$740.00,Disponible
MOLDE DE BUDIN MEDIDA 185X50X40 (DELICATEZZA),480,$6.80,Disponible
MOLDE PARA PAN DULCE 250 GRAMOS (DELICATEZZA),538,$3.95,Disponible
MOLDE PARA PAN DULCE POR 1 KILO (DELICATEZZA),478,$5.60,Disponible
MOLDE PARA PAN DULCE DE 700 GRS (DELICATEZZA),520,$5.30,Disponible
MOUSSE DE CHOCOLATE LEDEVIT POR 250 GRAMOS (LEDEVIT),487,$170.00,Disponible
MOUSSE VAINILLA POR 800 GRS (LODISER),377,$484.00,Disponible
MOUSSE DULCE DE LECHE POR 800 GRS (LODISER),376,$515.00,Disponible
MOUSSE FRUTILLA POR 800 GRS (LODISER),398,$512.00,Disponible
MOUSSE LIMON POR 800 GRS (LODISER),399,$512.00,Disponible
NUEZ CON CASCARA POR 1 KILO (DELICATEZZA),535,420,Disponible
NUEZ CUARTILLO POR 10 KILOS (DELICATEZZA),658,$7113.00,Disponible
NUEZ CUARTILLO POR 3 KILOS (DELICATEZZA),707,$2198.00,Disponible
NUEZ CUARTILLO POR 5 KILOS (DELICATEZZA),657,$3620.00,Disponible
NUEZ CUARTILLOS POR 1 KILO (DELICATEZZA),474,$748.80,Disponible
NUEZ CUARTILLOS POR MEDIO KILO (DELICATEZZA),476,$381.00,Disponible
LECHE DESCREMADA POR 12 UNIDADES (LA MINUCHA),776,$894.00,Disponible
NUEZ CUARTOS LIGHT POR 1 KILO (DELICATEZZA),132,$853.00,Disponible
NUEZ CUARTOS LIGHT POR 10 KILOS (DELICATEZZA),660,$8176.00,Disponible
NUEZ CUARTOS LIGHT POR 5 KILOS (DELICATEZZA),656,$4162.00,Disponible
NUEZ CUARTOS LIGHT POR MEDIO KILO (DELICATEZZA),133,$440.00,Disponible
NUEZ MOSCADA MOLIDA POR 1 KILO (DELICATEZZA),669,$838.00,Disponible
NUEZ MOSCADA MOLIDA POR MEDIO KILO (DELICATEZZA),095,$445.00,Disponible
OREGANO PREMIUM POR 1 KILO (DELICATEZZA),697,$494.40,Disponible
OREGANO PREMIUM POR MEDIO KILO (DELICATEZZA),203,$262.00,Disponible
NUEZ MARIPOSA CAJA POR 9 KILOS (DELICATEZZA),773,$7360.00,Disponible
NUEZ MARIPOSA POR 1 KILO (DELICATEZZA),130,$847.00,Disponible
NUEZ MARIPOSA POR 5 KILOS (DELICATEZZA),779,$4198.50,Disponible
NUEZ MARIPOSA POR MEDIO KILO (DELICATEZZA),131,$445.00,Disponible
LECHE ENTERA PACK POR 12 UNIDADES (LA MINUCHA),775,$894.00,Disponible
NUEZ CUARTOS EXTRA LGHT POR 5 KILOS (DELICATEZZA),695,$4234.00,Disponible
NUEZ CUARTOS EXTRA LIGHT POR 1 KILO (DELICATEZZA),530,$876.00,Disponible
NUEZ CUARTOS EXTRA LIGHT POR 10 KILOS (DELICATEZZA),692,$8512.00,Disponible
NUEZ CUARTOS EXTRA LIGHT POR MEDIO KILO (DELICATEZZA),583,$449.00,Disponible
OREGANO POR 1 KILO (DELICATEZZA),082,$342.00,Disponible
OREGANO POR 3 KILOS (DELICATEZZA),576,$988.00,Disponible
OREGANO POR 5 KILOS (DELICATEZZA),577,$1600.00,Disponible
OREGANO PREMIUM POR 1 KILO (DELICATEZZA),697,$494.40,Disponible
OREGANO PREMIUM POR MEDIO KILO (DELICATEZZA),203,$262.00,Disponible
NUEZ MOSCADA EN GRANO POR 50 GRAMOS (DELICATEZZA),096,$195.00,Disponible
LECHE DESCREMADA POR 12 UNIDADES (LA MINUCHA),776,$894.00,Disponible