,341,ACEITE DE MAIZ CAJA POR 200 SOBRES (ABEDUL),,,,,,,1025
,575,ACEITE DE OLIVA CAJA POR 198 UNIDADES (ABEDUL),,,,,,,1786
,746,ACETO BALSAMICO CAJA POR 198 SOBRES (ABEDUL),,,,,,,815
,238,AZUCAR CAJA POR 800 SOBRES (ABEDUL),,,,,,,1095
,516,BARBACOA SACHET POR 3 KILOS (ABEDUL),,,,,,,934
,471,CHEDDAR SACHET POR 3 KILOS (ABEDUL),,,,,,,992
,574,DULCE DE LECHE CAJA POR 108 UNIDADES (ABEDUL),,,,,,,1068.6
,469,EDULCORANTE CAJA POR 400 SOBRES (ABEDUL),,,,,,,376
,340,JUGO DE LIMON CAJA POR 198 UNIDADES (ABEDUL),,,,,,,717
,338,KETCHUP CAJA POR 200 SOBRES (ABEDUL),,,,,,,588
,569,LECHE DESCREMADA EN POLVO CAJA POR 100 SOBRES (ABEDUL),,,,,,,856
,239,MAYONESA CAJA POR 200 SOBRES (ABEDUL),,,,,,,565
,745,MERMELADA INDIVIDUAL DAMASCO CAJA POR 108 UNIDADES (ABEDUL),,,,,,,745
,572,MERMELADA INDIVIDUAL DE NARANJA POR 108 UNIDADES (ABEDUL),,,,,,,793
,571,MERMELADA INDIVIDUAL DURAZNO CAJA POR 108 UNIDADES (ABEDUL),,,,,,,793
,570,MERMELADA INDIVIDUAL FRUTILLA CAJA POR 108 UNIDADES (ABEDUL),,,,,,,793
,573,MERMELADA INDIVIDUAL FRUTOS ROJOS CAJA POR 108 UNIDADES (ABEDUL),,,,,,,793
,624,MIEL X 20 GRAMOS CAJA POR 108 UNIDADES (ABEDUL),,,,,,,1830
,339,MOSTAZA CAJA POR 200 SOBRES (ABEDUL),,,,,,,502
,237,SAL CAJA POR 1000 UNIDADES. (ABEDUL),,,,,,,375
,515,SALSA CESAR CAJA POR 108 SOBRES (ABEDUL),,,,,,,954
,402,VINAGRE MANZANA CAJA POR 200 SOBRES (ABEDUL),,,,,,,735
,794,CHOCOLATE AGUILA CAJA POR 5 KILOS (AGUILA),,,,,,,3304
,485,CHOCOLATE AGUILA POR MEDIO KILO (AGUILA),,,,,,,356
,792,MANI CROCANTE ARGENFRUT POR 1 KILO (ARGENFRUT),,,,,,,291
,463,PASTA BALLINA AMARILLA POR 500 GRS (BALLINA),,,,,,,182
,378,PASTA BALLINA AZUL POR 500 GRS (BALLINA),,,,,,,182
,763,PASTA BALLINA BLANCA POR 500 GRAMOS (BALLINA),,,,,,,182
,464,PASTA BALLINA CELESTE POR 500 GRS (BALLINA),,,,,,,182
,379,PASTA BALLINA NEGRA POR 500 GRS (BALLINA),,,,,,,182
,201,PASTA BALLINA POR 3 KILOS SABOR CHOCOLATE (BALLINA),,,,,,,799
,202,PASTA BALLINA POR 3 KILOS SABOR VAINILLA (BALLINA),,,,,,,799.9
,380,PASTA BALLINA ROJA POR 500 GRS (BALLINA),,,,,,,182
,465,PASTA BALLINA ROSA POR 500 GRS (BALLINA),,,,,,,182
,381,PASTA BALLINA VERDE POR 500 GRS (BALLINA),,,,,,,182
,818,MAYONESA BENIDORM POR 2900 KG (BENIDORM),,,,,,,377
,601,COLORANTE EN PASTA AMARILLO (BLOCH),,,,,,,75
,607,COLORANTE EN PASTA AZUL  (BLOCH),,,,,,,75
,602,COLORANTE EN PASTA BLOCH NEGRO  (BLOCH),,,,,,,75
,608,COLORANTE EN PASTA CELESTE  (BLOCH),,,,,,,75
,603,COLORANTE EN PASTA ROJO (BLOCH),,,,,,,75
,609,COLORANTE EN PASTA ROSA (BLOCH),,,,,,,75
,610,COLORANTE EN POLVO LIPOSOLUBLE ROSA (BLOCH),,,,,,,126
,604,COLORANTE EN POLVO LIPOSOLUBLE VERDE (BLOCH),,,,,,,129.6
,817,ACEITE CAÑUELA POR 1.5 LITROS (CAMPOS DEL SOL),,,,,,,277
,071,ACEITE EN BIDON (CAMPOS DEL SOL),,,,,,,594
,343,ACEITE LEGEDARIO GIRASOL 900 CC (CAMPOS DEL SOL),,,,,,,138
,613,HARINA 0000 TAPERA POR 25 KILOS (CANEPA),,,,,,,1010
,212,HARINA CANEPA 000 POR 10 KILOS (CANEPA),,,,,,,405.6
,615,HARINA CANEPA 000 POR 25 KILOS (CANEPA),,,,,,,919
,213 ,HARINA CANEPA 0000 POR 10 KILOS (CANEPA),,,,,,,467
,612,HARINA CANEPA 0000 POR 25 KILOS (CANEPA),,,,,,,1022
,214,HARINA CANEPA LEUDANTE POR 10 KILOS (CANEPA),,,,,,,526.7
,618,PREMEZCLA DE VIENA POR 25 KILOS (CANEPA),,,,,,,1207.5
,616,SEMOLIN CANEPA POR 25 KILOS (CANEPA),,,,,,,1063
,617,SEMOLIN CANEPA POR 5 KILOS (CANEPA),,,,,,,237
,534,CEREZA AL MARRASCHINO POR 1 KILO  (CERESKINA),,,,,,,514
,793,CEREZA ENTERA POR 10 KILOS (CERESKINA),,,,,,,4536
,034,CEREZAS AL MARRASCHINO BALDE POR 3.100 KG (CERESKINA),,,,,,,1848
,141,CEREZAS PARTIDAS BALDE POR 10 KILOS (CERESKINA),,,,,,,3420
,069,TOMATE TRITURADO CHACRAS BOTELLA POR 980 GRS (CERESKINA)
,490,RELLENO CODELAND AVELLANA Y CACAO POR 500 GRAMOS (CODELAND),,,,,,,426.3
,491,RELLENO CODELAND CACAO POR 500 GRAMOS (CODELAND),,,,,,,194
,492,RELLENO CODELAND CAFE POR 500 GRAMOS (CODELAND),,,,,,,249.5
,493,RELLENO CODELAND COCO POR 500 GRAMOS  (CODELAND),,,,,,,166.68
,466,RELLENO CODELAND FRUTILLA POR 500 GRS (CODELAND),,,,,,,168.1
,467,RELLENO CODELAND FRUTOS DEL BOSQUE POR 500 GRS (CODELAND),,,,,,,208.1
,494,RELLENO CODELAND LIMON POR 500 GRAMOS (CODELAND),,,,,,,199.4
,498,RELLENO CODELAND MENTA POR 500 GRAMOS (CODELAND),,,,,,,205
,468,RELLENO CODELAND MOUSSE POR 500 GRS (CODELAND),,,,,,,192.66
,598,RELLENO CODELAND SABOR MARROC  (CODELAND),,,,,,,198.5
,425,CHOCOLATE  COLONIAL CON STEVIAS POR 100 GRS (COLONIAL),,,,,,,193
,424,CHOCOLATE COLONIAL SIN AZUCAR POR 100 GRS (COLONIAL),,,,,,,193
,545,PURE DE TOMATE LA MINUCHA TETRABRIK POR 520 GRS (CORPER),,,,,,,44.6
,529,TOMATE TRITURADO CORPER BOTELLA POR 910 GRS (CORPER),,,,,,,110
,473,TOMATE TRITURADO LA MINUCHA  EN LATA POR 8 KILOS (CORPER),,,,,,,498.2
,074,MAYONESA POR 2,900 KG (COSTA DEL SOL),,,,,,,380
,348,DURAZNO CANALE LATA POR 820 GRS (CRIOLLO),,,,,,,130
,774,ACEITE DE 900 CC LEGENDARIO CAJA POR 12 UNIDADES (DELICATEZZA),,,,,,,1642
,085,ADOBO DE PIZZA POR 1 KILO,,,,,,,,256
,553,ADOBO DE PIZZA POR 3 KILOS (DELICATEZZA),,,,,,,744
,554,ADOBO DE PIZZA POR 5 KILOS (DELICATEZZA),,,,,,,1167
,079,AJI MOLIDO POR 1 KILO (DELICATEZZA),,,,,,,274
,558,AJI MOLIDO POR 3 KILOS (DELICATEZZA),,,,,,,794
,559,AJI MOLIDO POR 5 KILOS (DELICATEZZA),,,,,,,1225
,080,AJI MOLIDO PREMIUM POR 1 KILO (DELICATEZZA),,,,,,,482
,102,AJO EN POLVO POR MEDIO KILO (DELICATEZZA),,,,,,,218
,672,AJO GRANULADO POR 1 KILO (DELICATEZZA),,,,,,,458
,091,AJO GRANULADO POR MEDIO KILO (DELICATEZZA),,,,,,,240
,674,ALBAHACA POR 1 KILO (DELICATEZZA),,,,,,,810
,098,ALBAHACA POR MEDIO KILO (DELICATEZZA),,,,,,,410
,663,ALMENDRA ENTERA CHICA POR 10 KILOS  (DELICATEZZA),,,,,,,8890
,659,ALMENDRA ENTERA CHICA POR 5 KILOS (DELICATEZZA),,,,,,,4515
,137,ALMENDRAS ENTERA CHICA POR MEDIO KILO  (DELICATEZZA),,,,,,,497
,135,ALMENDRAS ENTERA CHICA POR 1 KILO (DELICATEZZA),,,,,,,903
,173,ALMENDRAS ENTERAS POR 1 KILO  (DELICATEZZA),,,,,,,1150
,174,ALMENDRAS ENTERAS POR MEDIO KILO (DELICATEZZA),,,,,,,585
,808,ALMOHADITA CHOCOLATE POR 2.5 KG (DELICATEZZA),,,,,,,1254
,806,ALMOHADITAS AVELLANAS 2.5 KG (DELICATEZZA),,,,,,,1098
,805,ALMOHADITAS AVELLANAS POR 1 KILO (DELICATEZZA),,,,,,,453
,807,ALMOHADITAS CHOCOLATE POR 1 KILO (DELICATEZZA),,,,,,,515
,809,ALMOHADITAS FRUTILLA POR 1 KILO (DELICATEZZA),,,,,,,453
,810,ALMOHADITAS FRUTILLA POR 2.5 KG (DELICATEZZA),,,,,,,1098
,811,ALMOHADITAS LIMON POR 1 KILO (DELICATEZZA),,,,,,,453
,812,ALMOHADITAS LIMON POR 2.5 KG (DELICATEZZA),,,,,,,1098
,813,ALMOHADITAS MANI POR 1 KILO (DELICATEZZA),,,,,,,452
,814,ALMOHADITAS MANI POR 2.5 KG (DELICATEZZA),,,,,,,1098
,815,ALMOHADITAS RELLENAS DE CHOCOLATE BLANCO POR 1 KILO (DELICATEZZA),,,,,,,515
,816,ALMOHADITAS RELLENAS DE CHOCOLATE BLANCO POR 2.5 KG (DELICATEZZA),,,,,,,1255
,586,AMAPOLA DE MEDIO KILO (DELICATEZZA),,,,,,,533
,226,ANIS POR MEDIO KILO (DELICATEZZA),,,,,,,455
,352,ARANDANOS POR MEDIO KILO (DELICATEZZA),,,,,,,475
,351,ARANDANOS ROJOS POR 1 KILO (DELICATEZZA),,,,,,,905
,614,ARROZ BLANCO YAMANI POR 1 KILO  (DELICATEZZA),,,,,,,159
,791,ARROZ BLANCO YAMANI POR 20 KILOS (DELICATEZZA),,,,,,,2912
,420,ARROZ INTEGRAL YAMANI POR 1 KILO  (DELICATEZZA),,,,,,,128
,681,ARROZ INTEGRAL YAMANI POR 5 KILOS (DELICATEZZA),,,,,,,598.5
,647,AVELLANAS PARTIDAS POR 1 KILO (DELICATEZZA),,,,,,,1717
,648,AVELLANAS PARTIDAS POR MEDIO KILO (DELICATEZZA),,,,,,,885
,667,AVELLANAS POR 1 KILO (DELICATEZZA),,,,,,,1886
,160,AVELLANAS POR MEDIO KILO (DELICATEZZA),,,,,,,947
,728,AVENA TRADICIONAL INSTANTANEA 10 KILOS (DELICATEZZA),,,,,,,890
,729,AVENA TRADICIONAL INSTANTANEA BOLSA POR 40 KILOS (DELICATEZZA),,,,,,,3495
,726,AVENA TRADICIONAL INSTANTANEA POR 1 KILO  (DELICATEZZA),,,,,,,98.7
,727,AVENA TRADICIONAL INSTANTANEA POR 5 KILOS (DELICATEZZA),,,,,,,460
,384,AZUCAR MASCABO POR 1 KILO (DELICATEZZA),,,,,,,171.36
,665,BANANA DISECADA POR 1 KILO (DELICATEZZA),,,,,,,740.6
,159,BANANA EN RODAJAS POR MEDIO KILO (DELICATEZZA),,,,,,,386
,124,BICARBONATO DE SODIO POR 1 KILO (DELICATEZZA),,,,,,,151
,730,BOLITAS DE CHOCOLATE POR 1 KILO (DELICATEZZA),,,,,,,324
,731,BOLITAS DE CHOCOLATE POR 2 KILOS (DELICATEZZA),,,,,,,627
,163,BOLSA DE QUESO (DELICATEZZA),,,,,,,35
,582,CACAO OREO POR MEDIO KILO (DELICATEZZA),,,,,,,682
,643,CANELA POR 1 KILO  (DELICATEZZA),,,,,,,1050
,221,CANELA POR MEDIO KILO (DELICATEZZA),,,,,,,547
,224,CAPSULAS DE AZAFRAN (DELICATEZZA),,,,,,,13
,540,CASTAÑAS DE CAJU ENTERAS POR 1 KILO (DELICATEZZA),,,,,,,1113
,717,CASTAÑAS DE CAJU ENTERAS POR 3 KILOS (DELICATEZZA),,,,,,,3084
,541,CASTAÑAS DE CAJU ENTERAS POR MEDIO KILO (DELICATEZZA),,,,,,,579
,W,CASTAÑAS DE CAJU PARTIDAS POR 1 KILO (DELICATEZZA),,,,,,,923
,716,CASTAÑAS DE CAJU PARTIDAS POR 3 KILOS  (DELICATEZZA),,,,,,,2828
,178,CASTAÑAS DE CAJU PARTIDAS POR MEDIO KILO (DELICATEZZA),,,,,,,476
,675,CEBOLLA EN ESCAMAS POR 1 KILO (DELICATEZZA),,,,,,,938
,223,CEBOLLA EN ESCAMAS POR MEDIO KILO (DELICATEZZA),,,,,,,490
,721,CEBOLLA EN POLVO POR 1 KILO (DELICATEZZA),,,,,,,968
,101,CEBOLLA EN POLVO POR MEDIO KILO (DELICATEZZA),,,,,,,513
,111,CELOFAN 45-50 (DELICATEZZA),,,,,,,22
,112,CELOFAN 50-60 (DELICATEZZA),,,,,,,23.5
,115,CHICHARRON CERDO POR 1 KILO (DELICATEZZA),,,,,,,160
,690,CHICHARRON DE CERDO EL CASERITO POR 5 KILOS (DELICATEZZA),,,,,,,820
,766,CHICHARRON EL CASERITO CAJA POR 10 KILOS (DELICATEZZA),,,,,,,1650
,081,CHIMICHURRI POR 1 KILO (DELICATEZZA),,,,,,,268
,556,CHIMICHURRI POR 3 KILOS (DELICATEZZA),,,,,,,763
,557,CHIMICHURRI POR 5 KILOS (DELICATEZZA),,,,,,,1195
,668,CIRUELAS CAJA POR 5 KILOS (DELICATEZZA),,,,,,,2750
,161,CIRUELAS POR 1 KILO (DELICATEZZA),,,,,,,598.9
,710,CIRUELAS POR 3 KILOS (DELICATEZZA),,,,,,,1650
,777,CLAVO DE OLOR POR 100 GRAMOS (DELICATEZZA),,,,,,,210
,722,COCO RALLADO DEL COCO POR 3 KILOS (DELICATEZZA),,,,,,,767
,756,COCO RALLADO NUEVO POR 5 KILOS (DELICATEZZA),,,,,,,1261
,646,COCO RALLADO POR 1 KILO DELCOCO (DELICATEZZA),,,,,,,298
,753,COCO RALLADO POR 25 KILOS NUEVO (DELICATEZZA),,,,,,,6120
,744,COCO RALLADO PREMIUM POR 25 KILOS (DELICATEZZA),,,,,,,10640
,408,COCO RALLADO PREMIUN POR 1 KILO (DELICATEZZA),,,,,,,440.7
,097,COLORANTE PARA CARNE POR 1 KILO (DELICATEZZA),,,,,,,320
,099,COMINO EN GRANO POR MEDIO KILO  (DELICATEZZA),,,,,,,219
,100,COMINO MOLIDO POR 1 KILO (DELICATEZZA),,,,,,,216
,090,CONDIMENTO PARA ARROZ POR 1 KILO (DELICATEZZA),,,,,,,218
,094,CONDIMENTO PARA CHORISO POR 1 KILO (DELICATEZZA),,,,,,,240
,093,CONDIMENTO PARA HAMBURGUESA POR 1 KILO (DELICATEZZA),,,,,,,217
,732,COPOS DE MAIZ CON AZUCAR POR 1 KILO  (DELICATEZZA),,,,,,,267
,733,COPOS DE MAIZ CON AZUCAR POR 3.400 KG (DELICATEZZA),,,,,,,988
,754,COPOS DE MAIZ SIN AZUCAR POR 1 KILO (DELICATEZZA),,,,,,,274
,755,COPOS DE MAIZ SIN AZUCAR POR 3 KG (DELICATEZZA),,,,,,,718
,406,CURCUMA POR 1 KILO  (DELICATEZZA),,,,,,,213
,086,ESPECIES SURTIDAS POR 1 KILO (DELICATEZZA),,,,,,,215
,149,FECULA DE MAIZ POR 1 KILO (DELICATEZZA),,,,,,,79.8
,151,FECULA DE MAIZ POR 25 KILOS (DELICATEZZA),,,,,,,1894
,685,FECULA DE MAIZ POR 5 KILOS (DELICATEZZA),,,,,,,395
,513,FECULA DE MANDIOCA POR 1 KILO  (DELICATEZZA),,,,,,,107.5
,509,FECULA DE MANDIOCA POR 25 KILOS  (DELICATEZZA),,,,,,,2447.5
,514,FECULA DE MANDIOCA POR 5 KILOS  (DELICATEZZA),,,,,,,498.9
,150,FECULA MAIZ POR 10 KILOS (DELICATEZZA),,,,,,,774
,600,FLOR MULTICOLOR POR 100 UNIDADES (DELICATEZZA),,,,,,,142
,522,FRUTA ESCURRIDA COMUN LODISER POR 1 KILO (DELICATEZZA),,,,,,,240
,539,FRUTA NEVADA POR 1 KILO (DELICATEZZA),,,,,,,465
,634,GARBANZO POR 5 KILOS (DELICATEZZA),,,,,,,587
,633,GARBANZOS POR 1 KILO (DELICATEZZA),,,,,,,125
,369,GRANAS COLOR CELESTE POR 1 KILO (DELICATEZZA),,,,,,,149.8
,228,GRANAS COLOR MARRON POR 1 KILO (DELICATEZZA),,,,,,,149.8
,189,GRANAS COLOR ROJAS POR 1 KILO (DELICATEZZA),,,,,,,149.8
,347,GRANAS NARANJA POR 1 KILO (DELICATEZZA),,,,,,,149.8
,356,GRANAS VERDES POR 1 KILO  (DELICATEZZA),,,,,,,149.8
,625,GRANOLA ECONOMICA POR 1 KILO  (DELICATEZZA),,,,,,,303
,+,GRANOLA ORAN POR 1 KILO (DELICATEZZA),,,,,,,439
,117,GRASA DE CERDO POR 3 KILOS (DELICATEZZA),,,,,,,149
,585,GRASA DE CERDO POR 8 KILOS (DELICATEZZA),,,,,,,393
,691,HARINA DE ALMENDRA POR 1 KILO (DELICATEZZA),,,,,,,1198
,404,HARINA DE ALMENDRAS POR MEDIO KILO (DELICATEZZA),,,,,,,630
,627,HARINA DE ARROZ POR 1 KILO (DELICATEZZA),,,,,,,72
,628,HARINA DE ARROZ POR 30 KILOS (DELICATEZZA),,,,,,,1625
,631,HARINA DE ARROZ POR 5 KILOS  (DELICATEZZA),,,,,,,338
,635,HARINA DE COCO POR 1 KILO (DELICATEZZA),,,,,,,630
,637,HARINA DE COCO POR 25 KILOS (DELICATEZZA),,,,,,,14831
,636,HARINA DE COCO POR 5 KILOS (DELICATEZZA),,,,,,,3051
,629,HARINA DE GARBANZO POR 1 KILO  (DELICATEZZA),,,,,,,107.1
,630,HARINA DE GARBANZO POR 5 KILOS  (DELICATEZZA),,,,,,,498.8
,632,HARINA DE GARBANZOS POR 30 KILOS  (DELICATEZZA),,,,,,,2907
,797,HARINA INTEGRAL POR 10 KILOS (DELICATEZZA),,,,,,,822
,795,HARINA INTEGRAL POR 25 KILOS (DELICATEZZA),,,,,,,2125
,443,HIGO NEGRO POR 1 KILO (DELICATEZZA),,,,,,,449.2
,405,HILO POR 100 GRS  (DELICATEZZA),,,,,,,134
,767,HINOJO POR 1 KILO (DELICATEZZA),,,,,,,720
,103,HINOJO POR 500 GRAMOS (DELICATEZZA),,,,,,,380
,225,HOJAS DE LAUREL POR UN CUARTO (DELICATEZZA),,,,,,,124
,594,HUESITO FRUTALES POR 1 KILO  (DELICATEZZA),,,,,,,211
,689,LAUREL ENTERO POR MEDIO KILO  (DELICATEZZA),,,,,,,230
,789,LENTEJA DE CHOCOLATE POR 1 KILO (DELICATEZZA),,,,,,,575
,694,LENTEJA DE CHOCOLATE POR 10 KILOS (DELICATEZZA),,,,,,,5483
,508,LENTEJA DESHIDRATADA POR 1 KILO (DELICATEZZA),,,,,,,213
,699,LENTEJA DESHIDRATADA POR 5 KILOS (DELICATEZZA),,,,,,,988
,591,LENTEJA FRUTAL CAJA POR 14 KILOS (DELICATEZZA),,,,,,,2322.1
,590,LENTEJA FRUTAL POR 1 KILO (DELICATEZZA),,,,,,,178
,593,LENTEJITA FRUTAL CAJA POR 14 KILOS (DELICATEZZA),,,,,,,2322
,592,LENTEJITA FRUTAL POR 1 KILO (DELICATEZZA),,,,,,,178
,107,MADEJA TRIPA DE VACA 38-40 POR 12 METROS (DELICATEZZA),,,,,,,337
,106,MADEJA TRIPA DE VACA 38-40 POR 24 METROS (DELICATEZZA),,,,,,,662
,108,MADEJA TRIPA DE VACA 40-42 POR 12 METROS (DELICATEZZA),,,,,,,330
,800,MAIZ FRITO POR 1 KILO (DELICATEZZA),,,,,,,701
,801,MAIZ FRITO POR 5 KILOS (DELICATEZZA),,,,,,,3420
,565,MANI GRANDE CON CASCARA POR 1 KILO (DELICATEZZA),,,,,,,224
,749,MANI GRANDE CON CASCARA POR 20 KILOS (DELICATEZZA),,,,,,,4218
,680,MANI GRANDE CON CASCARA POR 5 KILOS (DELICATEZZA),,,,,,,1078
,510,MANI PELADO CON SAL POR 1 KILO (DELICATEZZA),,,,,,,220
,A,MANI PELADO SIN SAL POR 1 KILO (DELICATEZZA),,,,,,,193
,679,MANI PELADO SIN SAL POR 25 KILOS (DELICATEZZA),,,,,,,4452
,678,MANI PELADO SIN SAL POR 3 KILOS (DELICATEZZA),,,,,,,558
,677,MANI PELADO SIN SAL POR 5 KILOS (DELICATEZZA),,,,,,,911
,439,MINI CONFITES SABOR CHOCOLATE COLORES SURTIDOS POR 1 KILO (DELICATEZZA),,,,,,,667
,168,MIX DE FRUTAS ECONOMICO POR 1 KILO (DELICATEZZA),,,,,,,375
,169,MIX DE FRUTAS ENERGETICO POR 1 KILO (DELICATEZZA),,,,,,,567
,584,MIX DE FRUTAS PREMIUM POR 1 KILO (DELICATEZZA),,,,,,,1025
, 408,MIX DE FRUTAS SUPERIOR POR 1 KILO (DELICATEZZA),,,,,,,740
,139,MIX DE SEMILLAS POR 1 KILO (DELICATEZZA),,,,,,,206
,622,MIX DE SEMILLAS POR 3 KILOS (DELICATEZZA),,,,,,,594
,394,MIX DE SEMILLAS POR 3 KILOS (DELICATEZZA),,,,,,,564
,623,MIX DE SEMILLAS POR 5 KILOS (DELICATEZZA),,,,,,,912
,551,MIX ECONOMICO POR 3 KILOS (DELICATEZZA),,,,,,,1077
,552,MIX ECONOMICO POR 5 KILOS (DELICATEZZA),,,,,,,1774
,547,MIX ENERGETICO POR 3 KILOS (DELICATEZZA),,,,,,,1647
,548,MIX ENERGETICO POR 5 KILOS (DELICATEZZA),,,,,,,2662
,507,MIX ESPECIAL BUDIN SIN MANI POR 1 KILO (DELICATEZZA),,,,,,,456.8
,506,MIX ESPECIAL BUDIN SIN PASAS DE UVA POR 1 KILO (DELICATEZZA),,,,,,,457
,802,MIX SALADO POR 1 KILO  (DELICATEZZA),,,,,,,529
,803,MIX SALADO POR 3 KILOS (DELICATEZZA),,,,,,,1548
,804,MIX SALADO POR 5 KILOS (DELICATEZZA),,,,,,,2537
,397,MIX SALUDABLE POR 1 KILO (DELICATEZZA),,,,,,,580
,546,MIX TROPICAL POR 1 KILO (DELICATEZZA),,,,,,,566
,480,MOLDE DE BUDIN MEDIDA 185X50X40 (DELICATEZZA),,,,,,,6.8
,538,MOLDE PARA PAN DULCE 250 GRAMOS  (DELICATEZZA),,,,,,,3.95
,520,MOLDE PARA PAN DULCE DE 700 GRS (DELICATEZZA),,,,,,,5.3
,478,MOLDE PARA PAN DULCE POR 1 KILO (DELICATEZZA),,,,,,,5.6
,479,MOLDE PARA ROSCA NUMERO 22  (DELICATEZZA),,,,,,,13.9
,535,NUEZ CON CASCARA POR 1 KILO (DELICATEZZA),,,,,,,420
,658,NUEZ CUARTILLO POR 10 KILOS (DELICATEZZA),,,,,,,7113
,707,NUEZ CUARTILLO POR 3 KILOS (DELICATEZZA),,,,,,,2198
,657,NUEZ CUARTILLO POR 5 KILOS (DELICATEZZA),,,,,,,3620
,474,NUEZ CUARTILLO POR 1 KILO (DELICATEZZA),,,,,,,748.8
,476,NUEZ CUARTILLO POR MEDIO KILO (DELICATEZZA),,,,,,,381
,695,NUEZ CUARTOS EXTRA LGHT POR 5 KILOS (DELICATEZZA),,,,,,,4234
,530,NUEZ CUARTOS EXTRA LIGHT POR 1 KILO (DELICATEZZA),,,,,,,876
,692,NUEZ CUARTOS EXTRA LIGHT POR 10 KILOS  (DELICATEZZA),,,,,,,8512
,583,NUEZ CUARTOS EXTRA LIGHT POR MEDIO KILO (DELICATEZZA),,,,,,,449
,132,NUEZ CUARTOS LIGHT POR 1 KILO (DELICATEZZA),,,,,,,853
,660,NUEZ CUARTOS LIGHT POR 10 KILOS  (DELICATEZZA),,,,,,,8176
,656,NUEZ CUARTOS LIGHT POR 5 KILOS (DELICATEZZA),,,,,,,4162
,133,NUEZ CUARTOS LIGHT POR MEDIO KILO (DELICATEZZA),,,,,,,440
,773,NUEZ MARIPOSA CAJA POR 9 KILOS (DELICATEZZA),,,,,,,7360
,130,NUEZ MARIPOSA POR 1 KILO  (DELICATEZZA),,,,,,,847
,779,NUEZ MARIPOSA POR 5 KILOS (DELICATEZZA),,,,,,,4198.5
,131,NUEZ MARIPOSA POR MEDIO KILO (DELICATEZZA),,,,,,,445
,096,NUEZ MOSCADA EN GRANO POR 50 GRAMOS (DELICATEZZA),,,,,,,195
,669,NUEZ MOSCADA MOLIDA POR 1 KILO (DELICATEZZA),,,,,,,838
,095,NUEZ MOSCADA MOLIDA POR MEDIO KILO (DELICATEZZA),,,,,,,445
,082,OREGANO POR 1 KILO (DELICATEZZA),,,,,,,342
,576,OREGANO POR 3 KILOS (DELICATEZZA),,,,,,,988
,577,OREGANO POR 5 KILOS  (DELICATEZZA),,,,,,,1600
,697,OREGANO PREMIUM POR 1 KILO (DELICATEZZA),,,,,,,494.4
,203,OREGANO PREMIUM POR MEDIO KILO (DELICATEZZA),,,,,,,262
,089,PAPRIKA POR 1 KILO (DELICATEZZA),,,,,,,283
,134,PASAS DE UVA JUMBO POR 1 KILO (DELICATEZZA),,,,,,,227.8
,693,PASAS DE UVA JUMBO POR 10 KILOS (DELICATEZZA),,,,,,,2297
,219,PASAS DE UVA RUBIA POR 1 KILO (DELICATEZZA),,,,,,,557
,764,PASAS DE UVA RUBIA POR 3 KILOS (DELICATEZZA),,,,,,,1659
,765,PASAS DE UVA RUBIA POR 5 KILOS (DELICATEZZA),,,,,,,2707
,505,PASAS DE UVA SULTANINA CAJA POR 10 KILO (DELICATEZZA),,,,,,,1703
,136,PASAS DE UVA SULTANINA POR 1 KILO  (DELICATEZZA),,,,,,,190
,709,PASAS DE UVA SULTANINA POR 5 KILOS (DELICATEZZA),,,,,,,865
,708,PASAS DE UVAS SULTANINAS POR 3 KILOS (DELICATEZZA),,,,,,,530
,673,PEREJIL POR 1 KILO (DELICATEZZA),,,,,,,435
,092,PEREJIL POR MEDIO KILO (DELICATEZZA),,,,,,,230
,472,PIMENTON AHUMADO POR 1 KILO (DELICATEZZA),,,,,,,469.6
,084,PIMENTON POR 1 KILO (DELICATEZZA),,,,,,,346
,683,PIMENTON POR 3 KILOS (DELICATEZZA),,,,,,,818
,684,PIMENTON POR 5 KILOS (DELICATEZZA),,,,,,,1283
,181,PIMIENTA BLANCA MOLIDA COMUN (DELICATEZZA),,,,,,,320
,686,PIMIENTA BLANCA MOLIDA POR 1 KILO (DELICATEZZA),,,,,,,596
,088,PIMIENTA BLANCA MOLIDA PREMIUM POR MEDIO KILO (DELICATEZZA),,,,,,,570
,720,PIMIENTA EN GRANO BLANCA POR 1 KILO (DELICATEZZA),,,,,,,1090
,198,PIMIENTA EN GRANO BLANCA POR MEDIO KILO (DELICATEZZA),,,,,,,580
,719,PIMIENTA EN GRANO NEGRA POR 1 KILO (DELICATEZZA),,,,,,,805
,087,PIMIENTA EN GRANO NEGRA POR MEDIO KILO (DELICATEZZA),,,,,,,423
,217,PISTACHOS POR 1 KILO (DELICATEZZA),,,,,,,1881
,218,PISTACHOS POR MEDIO KILO (DELICATEZZA),,,,,,,965
,083,PROVENZAL POR 1 KILO (DELICATEZZA),,,,,,,280
,549,PROVENZAL POR 3 KILOS (DELICATEZZA),,,,,,,740
,550,PROVENZAL POR 5 KILOS (DELICATEZZA),,,,,,,1167
,164,RED PARA BONDIOLA PARA BONDIOLA (DELICATEZZA),,,,,,,39
,220,ROCKLETS ARCOR POR 1 KILO (DELICATEZZA),,,,,,,610
,104,ROMERO POR MEDIO KIILO (DELICATEZZA),,,,,,,435
,371,SALVADO BOLSA POR 20 KILOS (DELICATEZZA),,,,,,,673
,372,SALVADO BOLSA POR 3 KILOS (DELICATEZZA),,,,,,,110
,354,SECANTE POR MEDIO KILO (DELICATEZZA),,,,,,,242
,521,SEMILLA DE AMAPOLA POR 1 KILO (DELICATEZZA),,,,,,,1032
,158,SEMILLA DE CHIA POR 1 KILO (DELICATEZZA),,,,,,,266.5
,671,SEMILLA DE GIRASOL POR 5 KILOS (DELICATEZZA),,,,,,,1205
,670,SEMILLA DE LINO POR 5 KILOS (DELICATEZZA),,,,,,,885
,389,SEMILLA DE QUINOA POR 1 KILO (DELICATEZZA),,,,,,,435
,390,SEMILLA DE QUINOA POR MEDIO KILO (DELICATEZZA),,,,,,,226.3
,388,SEMILLA DE ZAPALLO POR 1 KILO (DELICATEZZA),,,,,,,789
,391 ,SEMILLA DE ZAPALLO POR MEDIO KILO (DELICATEZZA),,,,,,,398.9
,712,SEMILLAS DE CHIA POR 3 KILOS (DELICATEZZA),,,,,,,770
,714,SEMILLAS DE CHIA POR 5 KILOS (DELICATEZZA),,,,,,,1260
,172,SEMILLAS DE GIRASOL POR 1 KILO (DELICATEZZA),,,,,,,262
,711,SEMILLAS DE GIRASOL POR 3 KILOS (DELICATEZZA),,,,,,,749
,171,SEMILLAS DE LINO POR 1 KILO (DELICATEZZA),,,,,,,190
,715,SEMILLAS DE LINO POR 3 KILOS (DELICATEZZA),,,,,,,530
,718,SEMILLAS DE ZAPALLO POR 3 KILOS (DELICATEZZA),,,,,,,2315
,140,SESAMO BLANCO POR 1 KILO  (DELICATEZZA),,,,,,,490
,664,SESAMO BLANCO POR 5 KILOS (DELICATEZZA),,,,,,,2464
,353,SESAMO BLANCO POR MEDIO KILO (DELICATEZZA),,,,,,,257
,410,SESAMO INTEGRAL POR 1 KILO (DELICATEZZA),,,,,,,189
,799,SESAMO INTEGRAL POR 25 KILOS (DELICATEZZA),,,,,,,4532
,427,SESAMO NEGRO POR 1 KILO (DELICATEZZA),,,,,,,575
,426,SESAMO NEGRO POR MEDIO KILO (DELICATEZZA),,,,,,,297
,176,TOMATE DISECADO POR MEDIO (DELICATEZZA),,,,,,,415
,105,TOMILLO POR MEDIO KILO (DELICATEZZA),,,,,,,474
,109,TRIPA CHINESCA POR 90 METROS (DELICATEZZA),,,,,,,1998
,182,TRIPA SINTETICA PARA SALCHICHA PARILLERA (DELICATEZZA),,,,,,,410
,177,PREMEZCLA PARA PIZZA SIN T.A.C.C. POR MEDIO KILO (DELICEL),,,,,,,108
,611,PREMEZCLA UNIVERSAL DELICEL POR 5 KILOS (DELICEL),,,,,,,907
,758,AZUCAR NEGRA POR 1 KILO DEWEY (DEWEY),,,,,,,89.6
,114,SAL ENTRE FINA POR 1 KILO (DOBLE VIA),,,,,,,20.5
,146,SAL ENTRE FINA POR 25 KILOS  (DOBLE VIA),,,,,,,325
,676,SAL ENTRE FINA POR 5 KILOS (DOBLE VIA),,,,,,,75
,209,SAL FINA POR 1 KILO (DOBLE VIA),,,,,,,32
,147,SAL FINA POR 25 KILOS (LAVADA,SECA Y PUFIFACADA) (DOBLE VIA),,,,,,,620
,687,SAL FINA POR 5 KILOS (DOBLE VIA),,,,,,,126.5
,210,SAL GRUESA POR 1 KILO  (DOBLE VIA),,,,,,,32
,148,SAL GRUESA POR 25 KILOS (LAVADA,SECA Y PUFIFACADA) (DOBLE VIA),,,,,,,620
,688,SAL GRUESA POR 5 KILOS (DOBLE VIA),,,,,,,133
,650,ACEITUNA DESCAROZADA POR 1 KILO (DON TITO),,,,,,,445
,205,ACEITUNAS CON CAROZO NUMERO 1 POR 2 KILOS (DON TITO),,,,,,,569
,183,ACEITUNAS CON CAROZO NUMERO 1 POR 8 KILOS
,215,ACEITUNAS DESCAROZADA POR 2 KILOS   (DON TITO),,,,,,,787
,216,ACEITUNAS DESCAROZADAS POR 7 KILOS (DON TITO),,,,,,,1528
,621,ACEITUNAS FILETEADAS POR 1 KILO (DON TITO),,,,,,,377
,382,ACEITUNAS FILETEADAS POR 2 KILOS  (DON TITO),,,,,,,707
,393,ACEITUNAS FILETEADAS POR 7 KILOS (DON TITO),,,,,,,1305
,620,ACEITUNAS NUMERO 1 POR 1 KILO  (DON TITO),,,,,,,308
,383,ACEITUNAS RELLENAS CON MORRON POR 2 KILOS (DON TITO),,,,,,,869
,743,ACEITUNAS RELLENAS CON MORRON POR 7 KILOS (DON TITO),,,,,,,1882
,568,CEBOLLIN POR 1 KILO (DON TITO),,,,,,,505
,567,PEPINILLOS POR 1 KILO (DON TITO),,,,,,,505
,566,PICKLES POR 2 KILOS  (DON TITO),,,,,,,498
,435,ACEITUNAS CON CAROZO NUM 0 POR 2 KILOS  (DON VICENTE),,,,,,,560
,564,ACEITUNAS CON CAROZO NUM 2 POR 2 KILOS  (DON VICENTE),,,,,,,463
,433,ACEITUNAS CON CAROZO NUMERO 0 POR 8 KILOS (DON VICENTE),,,,,,,1370
,563,ACEITUNAS CON CAROZO POR 8 KILOS NUM 2 (DON VICENTE),,,,,,,1000.9
,227,ACEITUNAS NEGRAS NUM 00 POR 7 KILOS (DON VICENTE),,,,,,,1640
,436 ,ACEITUNAS NEGRAS NUMERO 00 POR 2 KILOS  (DON VICENTE),,,,,,,878
,619,ACEITUNAS NUMERO 2 POR 1 KILO  (DON VICENTE),,,,,,,310
,429,CACAO AMARGO ALZOL POR 1 KILO (ECO),,,,,,,322
,536,CACAO AMARGO INTERMEDIO POR 1 KILO (ECO),,,,,,,465
,597,BALANZA DIGITAL DE COCINA (ELECTRODOMESTICOS ),,,,,,,978
,05,ACIDO ACETICO POR 1 LITRO (EMETH),,,,,,,524
,502,AGUA DE AZAHAR POR 1 LITRO (EMETH),,,,,,,415
,04,ANTIMOHO PROP DE CALCIO POR 1 KILO (EMETH),,,,,,,569
,654,ANTIMOHO POR 5 KILOS (EMETH),,,,,,,2699
,503,AROMA M  POR 1 LITRO (EMETH),,,,,,,221
,021,AROMA M POR 2 LITROS  (EMETH),,,,,,,335
,194,AROMA M POR 5 LITROS (EMETH),,,,,,,659
,08,AZUCAR IMPALPABLE EMETH POR 10 KILOS (EMETH),,,,,,,895
,588,AZUCAR IMPALPABLE POR 5 KILOS  (EMETH),,,,,,,413
,531,AZUCAR IMPALPABLE TALCO POR 1 KILO (EMETH),,,,,,,108
,010,AZUCAR NEGRA EMETH POR 10 KILOS (EMETH),,,,,,,895
,06,BICARBONATO AMONIO POR 1 KILO (EMETH),,,,,,,217
,470,BIZCOCHUELO DE CHOCOLATE EMETH CAJA POR 500 GRS (EMETH),,,,,,,209
,447,BIZCOCHUELO DE VAINILLA EMETH CAJA POR 500 GRS (EMETH),,,,,,,136
,064,CACAO AMARGO EMETH POR 1 KILO  (EMETH),,,,,,,605
,050,CARAMELO LIQUIDO POR 1250 CC (EMETH),,,,,,,245
,645,"CHIPS MINIGOTAS EMETH POR 1 KILO (EMETH)",,,,,,,393
,653,CHIPS MINIGOTAS EMETH POR 5 KILOS (EMETH),,,,,,,1882
,652,CHOCOLATE EMETH BLANCO CAJA POR 5 KILOS  (EMETH),,,,,,,1390
,030,CHOCOLATE EMETH BLANCO POR 1 KILO (EMETH),,,,,,,283
,651,CHOCOLATE EMETH MARRON CAJA POR 5 KILOS (EMETH),,,,,,,1390
,029,CHOCOLATE EMETH MARRON POR 1 KILO (EMETH),,,,,,,283
,368,CHOCOLATE EMETH ROSA POR 1 KILO (EMETH),,,,,,,270.5
,640,COLAROMA DE MANTECA POR 1 LITRO (EMETH),,,,,,,322
,013,COLORANTE AMARILLO POR 1 LITRO (EMETH),,,,,,,200.5
,701,COLORANTE AMARILLO POR 2 LITROS (EMETH),,,,,,,247
,012,COLORANTE AMARILLO POR 5 LITRO (EMETH),,,,,,,449
,703,COLORANTE DE CARAMELO POR 1 LITRO  (EMETH),,,,,,,247
,015,COLORANTE DE CARAMELO POR 5 LITROS  (EMETH),,,,,,,625
,532,COLORANTE DE CARAMELO PURO POR 5 LITROS (EMETH),,,,,,,1050
,014,COLORANTE ROJO POR 1 LITRO (EMETH),,,,,,,222
,042,CREMA PASTELERA EMETH POR 1 KILO (EMETH),,,,,,,355
,041,CREMA PASTELERA EMETH POR 3 KILOS (EMETH),,,,,,,1005
,700,DULCE DE BATATA CON CHOCOLATE POR 2 KILOS (EMETH),,,,,,,253
,370,DULCE DE BATATA EMETH CAJON POR 5 KILOS (EMETH),,,,,,,505
,500,DULCE DE BATATA EMETH POR 2 KILOS (EMETH),,,,,,,228
,367,DULCE DE MEMBRILLO EMETH CAJON POR 5 KILOS (EMETH),,,,,,,505
,444,DULCE DE MEMBRILLO EMETH POR 2 KILOS (EMETH),,,,,,,228
,055,DULCE EN CAJON EMETH BATATA CON CHOCOLATE POR 5 KILOS (EMETH),,,,,,,545
,024,ESENCIA CHOCOLATE POR 1 LITRO (EMETH),,,,,,,245
,023,ESENCIA COCO POR 1 LITRO  (EMETH),,,,,,,318
,501,ESENCIA DE ALMENDRA POR 1 LITRO  (EMETH),,,,,,,299.88
,234,ESENCIA DE BANANA POR 1 LITRO (EMETH),,,,,,,245
,533,ESENCIA DE BUDIN POR 1 LITRO (EMETH),,,,,,,337
,022,ESENCIA FRUTILLA POR 1 LITRO (EMETH),,,,,,,403
,019,ESENCIA LIMON POR 1 LITRO  (EMETH),,,,,,,220
,020,ESENCIA LIMON POR 2 LITROS (EMETH),,,,,,,295
,018,ESENCIA LIMON POR 5 LITROS (EMETH),,,,,,,645
,025,ESENCIA NARANJA POR 1 LITRO (EMETH),,,,,,,635
,026,ESENCIA PAN DULCE POR 5 LITROS (EMETH),,,,,,,863
,027,ESENCIA PAN DULCE POR MEDIO LITRO (EMETH),,,,,,,105
,028,ESENCIA QUESO POR 1 LITRO (EMETH),,,,,,,798
,188,ESENCIA VAINILLA POR 1 LITRO (EMETH),,,,,,,167
,017,ESENCIA VAINILLA POR 2 LITROS (EMETH),,,,,,,198
,016,ESENCIA VAINILLA POR 5 LITROS (EMETH),,,,,,,345
,511,EXTRACTO DE MALTA POR 1 KILO (EMETH),,,,,,,196
,187,EXTRACTO DE MALTA POR 6 KILOS (EMETH),,,,,,,1003
,049,FLAN CHOCOLATE POR 1 KILO (EMETH),,,,,,,275
,641,FLAN DE CHOCOLATE CON VITAMINAS POR 500 GRS (EMETH),,,,,,,214
,048,FLAN VAINILLA POR 1 KILO (EMETH),,,,,,,275
,456,GELATINA DE CEREZA POR 500 GRS (EMETH),,,,,,,265
,229,GELATINA DURAZNO POR 500 GRS (EMETH),,,,,,,265
,051,GELATINA FRUTILLA POR 500 GRS (EMETH),,,,,,,265
,052,GELATINA SIN SABOR POR 1 KILO (EMETH),,,,,,,1230
,065,GLUCOSA BALDE POR 6 KILOS (EMETH),,,,,,,935
,655,GLUCOSA POR 1 KILO  (EMETH),,,,,,,185
,057,GRANAS COLOR AMARILLA POR 1 KILO (EMETH),,,,,,,149.8
,056,GRANAS COLOR AZUL POR 1 KILO (EMETH),,,,,,,149.8
,058,"GRANAS COLOR BLANCA POR 1 KILO (EMETH)",,,,,,,149.8
,346,GRANAS COLOR ROSA POR 1 KILO (EMETH),,,,,,,149.8
,059,GRANAS MUILTICOLOR POR 1 KILO (EMETH),,,,,,,155
,033,GUINDAS CUÑETE POR 5 KILOS (EMETH),,,,,,,853
,448,GUINDAS POR 5 KILOS EMETH BALDE PLASTICO (EMETH),,,,,,,947
,512,GUINDAS ROJAS POR 1 KILO (EMETH),,,,,,,201
,639,GUINDAS VERDES POR 1 KILO (EMETH),,,,,,,218
,638,GUINDAS VERDES POR 5 KILOS (EMETH),,,,,,,947
,235,HARINA DE MALTA POR 1 KILO (EMETH),,,,,,,92
,186,HARINA DE MALTA POR 10 KILOS (EMETH),,,,,,,824
,504,HIGOS EMETH EN ALMIBAR POR 3.100 KG  (EMETH),,,,,,,976
,542,HIGOS EN ALMIBAR POR 1 KILO (EMETH),,,,,,,370
,696,JALEA FANTASIA BALDE POR 10 KILOS (EMETH),,,,,,,927
,038,JALEA FANTASIA CUÑETE POR 10 KILOS (EMETH),,,,,,,818
,449,JALEA FANTASIA EN FRIO BALDE POR 5 KILOS (EMETH),,,,,,,955.9
,455,LICOR DE RHUM POR 1 LITRO (EMETH),,,,,,,220
,450,LICOR SABOR AL MARRASCHINO POR 1 LITRO  (EMETH),,,,,,,220
,037,MANI CROCANTE POR 1 KILO (EMETH),,,,,,,310
,036,MANI FILETEADO POR 1 KILO (EMETH),,,,,,,385
,035,MANI GRANAS POR 1 KILO (EMETH),,,,,,,340
,01,MEJORADOR PARA PANIFICADOS POR 500 GRS (EMETH),,,,,,,570
,047,MERMELADA BATATA CUÑETE POR 10 KILOS  (EMETH),,,,,,,1225.3
,778,MERMELADA DE BATATA POR 5 KILOS (EMETH),,,,,,,623
,682,MERMELADA DE FRUTOS DEL BOSQUE POR 5 KILOS (EMETH),,,,,,,355
,046,MERMELADA DE MEMBRILLO CUÑETE POR 10 KILOS (EMETH),,,,,,,1034
,044,MERMELADA DURAZNO CUÑETE POR 5 KILOS (EMETH),,,,,,,858
,043,MERMELADA FRUTILLA CUÑETE POR 5 KILOS (EMETH),,,,,,,858
,045,MERMELADA MANZANA POR 5 KILOS CUÑETE (EMETH),,,,,,,858
,066,MIEL EN BIDON POR 7 KILOS (EMETH),,,,,,,1266
,060,POLVO PARA HORNEAR BOLSA POR 3 KILOS  (EMETH),,,,,,,525
,061,POLVO PARA HORNEAR EMETH POR 1 KILO (EMETH),,,,,,,181
,790,POLVO PARA HORNEAR POR 5 KILOS (EMETH),,,,,,,850
,03,SORBATO DE POTASIO POR 1 LITRO  (EMETH),,,,,,,882
,698,VAINILLA PREMIUM POR 1 LITRO  (EMETH),,,,,,,318
,702,VAINILLA PREMIUM POR 5 LITROS (EMETH),,,,,,,439
,739,GRASA BOVINA POR 1 KILO  (GRABYA),,,,,,,217
,119,GRASA BOVINA POR 20 KILOS (GRABYA),,,,,,,4070
,606,GRASA BOVINA REFINADA POR 10 KILOS (GRABYA),,,,,,,2046
,162,MARGARINA CON MANTECA PARA MASAS POR 5 KILOS (GRABYA),,,,,,,1093
,|,MARGARINA DE HOJALDRE POR 20 KILOS (GRABYA),,,,,,,3960
,123,MARGARINA MASAS Y BATIDOS POR 10 KILO (GRABYA),,,,,,,2123
,190 ,MARGARINA PARA HOJALDRE POR 10 KILOS (GRABYA),,,,,,,1980
,R,MARGARINA PARA MASAS CON MANTECA POR 20 KILOS (GRABYA),,,,,,,4290
,211,OLEOMARGARINA POR 20 KILOS  (GRABYA),,,,,,,4167
,483,ARVEJA TARRAGONA TETRABRICK POR 340 GRAMOS  (INALPA),,,,,,,27.5
,482,ARVEJAS INCA LATA POR 350 GRAMOS (INALPA),,,,,,,32
,734,JARDINERAS POR 350 GRAMOS (INALPA),,,,,,,56.7
,581,LECHE DESCREMADA POR 1 LITRO LA MINUCHA (LA MINUCHA),,,,,,,75.8
,776,LECHE DESCREMADA POR 12 UNIDADES (LA MINUCHA),,,,,,,894
,775,LECHE ENTERA PACK POR 12 UNIDADES (LA MINUCHA),,,,,,,894
,421,LECHE ENTERA POR 1 LITRO LA MINUCHA (LA MINUCHA),,,,,,,75.8
,740,PURE DE TOMATE LA MINUCHA TETRABRICK PACK POR 12 UNIDAD (LA MINUCHA),,,,,,,528
,796,TOMATE PERITA LATA POR 3 KILOS (LA MINUCHA),,,,,,,369
,787,TOMATE TRITURADO EN BOTELLA LA MINUCHA  (LA MINUCHA),,,,,,,109.4
,736,ACEITE MEZCLA DE 900 CC (LAGRIMAS DEL SOL),,,,,,,133
,735,ACEITE POR 3 LITROS PURO DE GIRASOL (LAGRIMAS DEL SOL),,,,,,,572
,409,LECHE DE ALMENDRAS POR 1 LITRO (LAS TRES NIÑAS),,,,,,,148
,642,LECHE DE COCO POR 1 LITRO (LAS TRES NIÑAS),,,,,,,199.5
,461,CHANTILLY LEDEVIT POR 250 GRS (LEDEVIT),,,,,,,179
,489,CREMA PASTELERA LEDEVIT POR 1 KILO (LEDEVIT),,,,,,,342
,488,CREMA PASTELERA LEDEVIT POR 4 KILOS  (LEDEVIT),,,,,,,1302
,486,MERENGUE LEDEVIT POR 250 GRAMOS (LEDEVIT),,,,,,,103
,487,MOUSSE DE CHOCOLATE LEDEVIT POR 250 GRAMOS (LEDEVIT),,,,,,,170
,781,ACEITE EN BIDON LEGENDARIO (LEGENDARIO),,,,,,,500
,605,SALSA DE CHOCOLATE POR 500 GRS (LHERITIER),,,,,,,154
,769,SALSA DE FRUTILLA POR 500 GRAMOS (LHERITIER),,,,,,,136
,770,SALSA FRUTOS ROJOS POR 500 GRAMOS (LHERITIER),,,,,,,136
,771,SALSA PICO DULCE POR 500 GRAMOS (LHERITIER),,,,,,,136
,484,AZUCAR GRANELA POR 1 KILO (LODISER),,,,,,,,214
,528,AZUCAR IMPALPABLE POR 800 GRAMOS (LODISER),,,,,,,101
,204,CHIPS LODISER BLANCO POR 1 KILO (LODISER),,,,,,,480
,129,CHIPS LODISER DE CHOCOLATE POR 1 KILO (LODISER),,,,,,,480
,649,CHOCOLATE ALPINO BLANCO POR 1 KILO (LODISER),,,,,,,569
,373,CHOCOLATE ALPINO CON LECHE POR 1 KILO (LODISER),,,,,,,569.7
,},CHOCOLATE ALPINO SEMIAMARGO POR 1 KILO (LODISER),,,,,,,583
,400,CREMA CHANTILLY KEUKEN 800 GRS (LODISER),,,,,,,597
,437,CREMA CHANTILLY KEUKEN POR 250 GRS  (LODISER),,,,,,,126.5
,780,GANACHE BLANCO POR 2.5 KG  (LODISER),,,,,,,1131
,537,GANACHE SEMIAMARGO POR 2.5 KG (LODISER),,,,,,,1237
,599,GLASE EN POLVO POR 1 KILO (LODISER),,,,,,,198.9
,375,MOUSSE CHOCOLATE POR 800 GRS  (LODISER),,,,,,,593
,376,MOUSSE DULCE DE LECHE POR 800 GRS  (LODISER),,,,,,,515
,398,MOUSSE FRUTILLA POR 800 GRS (LODISER),,,,,,,512
,399,MOUSSE LIMON POR 800 GRS (LODISER),,,,,,,512
,377,MOUSSE VAINILLA POR 800 GRS  (LODISER),,,,,,,484
,757,POLVO PARA HORNEAR POR 800 GRAMOS LODISER (LODISER),,,,,,,204
,441,PREMEZCLA BIZCOCHUELO VAINILLA POR 1 KILO (LODISER),,,,,,,254
,423,PREMEZCLA PARA BIZCOCHUELO KEUKEN DE CHOCOLATE POR 1 KILO (LODISER),,,,,,,301
,422,PREMEZCLA PARA BROWNIE POR 1 KILO (LODISER),,,,,,,240
,499,PREMEZCLA PARA BUDIN VAINILLA POR 1 KILO (LODISER),,,,,,,175
,459,PREMEZCLA PARA CUPCAKES DE CHOCOLATE POR 1 KILO (LODISER),,,,,,,332
,458,PREMEZCLA PARA CUPCAKES DE VAINILLA  POR 1 KILO  (LODISER),,,,,,,258
,783,BOMBONITO BLANCO GRANEL CAJA POR 11 KILOS (MAPSA),,,,,,,5421
,783,BOMBONITO NEGRO GRANEL CAJA POR 11 KILOS (MAPSA),,,,,,,5421
,416,BOMBONITO BLANCO POR 1 KILO (MAPSA),,,,,,,517.5
,199,BOMBONITO SEMIAMARGO MAPSA POR 1 KILO  (MAPSA),,,,,,,517
,418,CHIPS MAPSA BLANCO POR 1 KILO (MAPSA),,,,,,,388
,785,CHIPS MAPSA GRANEL POR 15 KILOS (MAPSA),,,,,,,5544
,784,CHIPS MAPSA GRANEL POR 5 KILOS (MAPSA),,,,,,,1888
,415,CHIPS MAPSA SEMIAMARGO POR 1 KILO (MAPSA),,,,,,,390.8
,032,CHIPS MINIGOTAS MAPSA POR 1 KILO (MAPSA),,,,,,,471
,768,CHOCOLATE LUXURY SEMIAMARGO (MAPSA),,,,,,,635
,401,MAPSA GRANULADO BLANCO POR 1 KILO (MAPSA),,,,,,,428
,342,MAPSA GRANULADO SEMIAMARGO POR 1 KILO (MAPSA),,,,,,,428
,355,MAPSA TROZEADO BLANCO POR 1 KG (MAPSA),,,,,,,427
,236,MAPSA TROZEADO NEGRO POR 1 KILO (MAPSA),,,,,,,427
,751,MAPSACUBER BLANCO CAJA POR 5 KILOS (MAPSA),,,,,,,2615
,128,MAPSACUBER BLANCO POR 1 KILO (MAPSA),,,,,,,549
,752,MAPSACUBER CON LECHE CAJA POR 5 KILOS (MAPSA),,,,,,,2615
,126,MAPSACUBER CON LECHE POR 1 KILO (MAPSA),,,,,,,549
,127,MAPSACUBER SEMI AMARGO POR 1 KILO (MAPSA),,,,,,,548
,750,MAPSACUBER SEMIARGO CAJA POR 5 KILOS (MAPSA),,,,,,,2615
,644,PASTA DE MANI BALDE POR 4 KILOS (MAPSA),,,,,,,2013
,759,PASTA UNTABLE MAPSA AVELLANA POR 450 GRAMOS (MAPSA),,,,,,,435
,760,PASTA UNTABLE MAPSA CHOCOLATE POR 450 GRAMOS (MAPSA),,,,,,,289
,761,PASTA UNTABLE MAPSA FRUTILLA POR 450 GRAMOS (MAPSA),,,,,,,230
,762,PASTA UNTABLE MAPSA MANI POR 450 GRAMOS (MAPSA),,,,,,,258
,417,REDONDELAS MARROC POR 1 KILO (MAPSA),,,,,,,706
,438,REDONDELAS SABOR BANANA POR 1 KILO (MAPSA),,,,,,,706
,428,REDONDELAS SABOR FRUTILLA POR 1 KILO (MAPSA),,,,,,,706
,725,ATUN DESMENUSADO AL NATURAL POR 170 GRS (MARECHIARE),,,,,,,78
,724,ATUN DESMENUSADO EN ACEITE POR 170 GRS (MARECHIARE),,,,,,,78
,737,ATUN EN LOMITOS AL NATURAL POR 170 GRAMOS (MARECHIARE),,,,,,,179.5
,738,ATUN LOMITOS EN ACEITE  POR 170 GRAMOS (MARECHIARE),,,,,,,179.5
,154,PAN RALLADO POR 10 KILOS (MIGAS ALBERTI),,,,,,,707
,155,PAN RALLADO POR 25 KILOS SEÑOR PAN  (MIGAS ALBERTI),,,,,,,1824
,741,DULCE DE LECHE DUSHI REPOSTERO POR 10 KILOS (MILKEY),,,,,,,1363
,180,DULCE DE LECHE MILKEY FAMILIAR POR 10 KILOS (MILKEY),,,,,,,1813
,345,DULCE DE LECHE MILKEY POR 1 KILO REPOSTERO (MILKEY),,,,,,,195
,626,DULCE DE LECHE MILKEY POR 3 KILOS (MILKEY),,,,,,,520
,519,DULCE DE LECHE MILKEY POR 4 KILOS FAMILAR (MILKEY),,,,,,,676
,403,DULCE DE LECHE MILKEY POR 5 KILOS REPOSTERO
,142,DULCE DE LECHE REPOSTERO POR 10 KILOS MILKEY (MILKEY),,,,,,,1670
,145,DULCE DE LECHE REPOSTERO POR 10 KILOS SERRANITO (MILKEY),,,,,,,1248
,782,LEVADURA PRENSADA POR 500 GRS (ORALI),,,,,,,138
,070,LATA DE TOMATE TRITURADO DON ENRIQUE POR 8 KILOS (ORESTES ),,,,,,,627
,068,SALSA PARA PREPIZZA POR 10 KILOS  (ORESTES ),,,,,,,374
,067,TOMATE TRITURADO EN BIDON POR 10 KILOS (ORESTES ),,,,,,,545
,706,TAPITAS DE ALFAJOR CAJA POR 4.5 KILOS  (PAR-NOR),,,,,,,700
,704,TAPITAS PARA ALFAJORES POR 1 KILO (PAR-NOR),,,,,,,163
,525,MANGA DE TELA CON CUPLA  NUMERO 4 (PARPEN),,,,,,,198.6
,526,MANGA DE TELA CON CUPLA NUMERO 3 (PARPEN),,,,,,,177
,523,MANGAS DE TELA COMUN NUMERO 3 (PARPEN),,,,,,,92.5
,524,MANGAS DE TELA CON CUPLA NUMERO 3 (PARPEN),,,,,,,170
,419,MANGAS DESCANTABLES NUM 12 CHICAS (PARPEN),,,,,,,9.8
,156,MANGAS DESCARTABLES NUMERO 18 MEDIANAS (PARPEN),,,,,,,15.5
,587,PICOS PARA MANGAS (PARPEN),,,,,,,148
,09,AZUCAR IMPALPABLE POR 1 KILO (PROCAL),,,,,,,85.1
,747,AZUCAR IMPALPABLE PROCAL POR 10 KILOS (PROCAL),,,,,,,792
,011,AZUCAR NEGRA POR 1 KILO (PROCAL),,,,,,,86
,589,AZUCAR NEGRA POR 5 KILOS (PROCAL),,,,,,,399
,748,AZUCAR NEGRA PROCAL POR 10 KILOS  (PROCAL),,,,,,,792
,798,POLVO PARA HORNEAR POR 25 KILOS (PROCAL),,,,,,,4198
,788,MEMBRILLO POR 5 KILOS SABIO (SABIO),,,,,,,537
,786,MERMELADA DE MEMBRILLO SABIO POR 10 KILOS  (SABIO),,,,,,,835
,661,ACEITE DE OLIVA POR 1 LITRO (SAGRADA),,,,,,,263
,192,ACEITE DE OLIVA POR 2 LITROS (SAGRADA),,,,,,,525
,193,ACEITE DE OLIVA POR 5 LITROS (SAGRADA),,,,,,,1175
,442,CHOCLO EN GRANO AMARILLO SAN REMO POR 350 GRS (SAN REMO),,,,,,,57.9
,662,EXTRACTO DE TOMATE POR 145 GRS (SAN REMO),,,,,,,60.2
,460,AZUCAR SWTELLA PACK POR 10 KILOS (SAN VICENTE),,,,,,,660
,723,VINAGRE POR 1 LITRO (SILVA),,,,,,,45
,073,VINAGRE POR 5 LITROS (SILVA),,,,,,,180
,349,AZUCAR POR 50 KILOS SANTA ROSA (SUCRE),,,,,,,3248
,125,AZUCAR SUCRE PACK POR 10 KILOS (SUCRE),,,,,,,580
,481,LEVADURA TITAN EN COPOS POR 200 GRAMOS   (TITAN),,,,,,,665
,742,COMESTIBLES (VICTORIA ),,,,,,,37000